-- =====================================================================
-- 一卡通管理模块 种子数据。密码为明文（AuthController 校验失败会回退明文比对）。
-- 登录：admin / admin123（系统管理员，全菜单）
--       town_op / 123456（乡镇经办）  town_audit / 123456（乡镇审核）
--       dept_op / 123456（部门经办）  dept_audit / 123456（部门审核）
-- 所有数据 TENANT_ID=1。
-- =====================================================================

-- ============ 组织机构 ============
INSERT INTO SYS_ORG (ID,PARENT_ID,ORG_CODE,ORG_NAME,ORG_TYPE,SORT_NO,STATUS,TENANT_ID,CREATE_TIME,DELETED)
VALUES (1,0,'DEMO','示范县','COUNTY',1,1,1,SYSTIMESTAMP,0);
INSERT INTO SYS_ORG (ID,PARENT_ID,ORG_CODE,ORG_NAME,ORG_TYPE,SORT_NO,STATUS,TENANT_ID,CREATE_TIME,DELETED)
VALUES (10,1,'DEMO-CZ','示范县财政局','DEPT',2,1,1,SYSTIMESTAMP,0);
INSERT INTO SYS_ORG (ID,PARENT_ID,ORG_CODE,ORG_NAME,ORG_TYPE,SORT_NO,STATUS,TENANT_ID,CREATE_TIME,DELETED)
VALUES (11,1,'DEMO-01','一号镇','TOWN',3,1,1,SYSTIMESTAMP,0);
INSERT INTO SYS_ORG (ID,PARENT_ID,ORG_CODE,ORG_NAME,ORG_TYPE,SORT_NO,STATUS,TENANT_ID,CREATE_TIME,DELETED)
VALUES (12,1,'DEMO-02','二号镇','TOWN',4,1,1,SYSTIMESTAMP,0);

-- ============ 用户 ============
INSERT INTO SYS_USER (ID,ORG_ID,USERNAME,PASSWORD,REAL_NAME,USER_TYPE,STATUS,TENANT_ID,CREATE_TIME,DELETED)
VALUES (1,1,'admin','admin123','系统管理员','SYS_ADMIN',1,1,SYSTIMESTAMP,0);
INSERT INTO SYS_USER (ID,ORG_ID,USERNAME,PASSWORD,REAL_NAME,USER_TYPE,STATUS,TENANT_ID,CREATE_TIME,DELETED)
VALUES (2,11,'town_op','123456','一号镇经办','TOWN_OP',1,1,SYSTIMESTAMP,0);
INSERT INTO SYS_USER (ID,ORG_ID,USERNAME,PASSWORD,REAL_NAME,USER_TYPE,STATUS,TENANT_ID,CREATE_TIME,DELETED)
VALUES (3,11,'town_audit','123456','一号镇审核','TOWN_AUDIT',1,1,SYSTIMESTAMP,0);
INSERT INTO SYS_USER (ID,ORG_ID,USERNAME,PASSWORD,REAL_NAME,USER_TYPE,STATUS,TENANT_ID,CREATE_TIME,DELETED)
VALUES (4,10,'dept_op','123456','部门经办','DEPT_OP',1,1,SYSTIMESTAMP,0);
INSERT INTO SYS_USER (ID,ORG_ID,USERNAME,PASSWORD,REAL_NAME,USER_TYPE,STATUS,TENANT_ID,CREATE_TIME,DELETED)
VALUES (5,10,'dept_audit','123456','部门审核','DEPT_AUDIT',1,1,SYSTIMESTAMP,0);

-- ============ 角色（含两个权限角色）============
INSERT INTO SYS_ROLE (ID,ROLE_CODE,ROLE_NAME,REMARK,STATUS,TENANT_ID,CREATE_TIME,DELETED)
VALUES (1,'ROLE_ADMIN','系统管理员','全部权限',1,1,SYSTIMESTAMP,0);
INSERT INTO SYS_ROLE (ID,ROLE_CODE,ROLE_NAME,REMARK,STATUS,TENANT_ID,CREATE_TIME,DELETED)
VALUES (2,'DDDL-ZHXT-006','整合系统-一卡通','乡镇/部门业务办理',1,1,SYSTIMESTAMP,0);
INSERT INTO SYS_ROLE (ID,ROLE_CODE,ROLE_NAME,REMARK,STATUS,TENANT_ID,CREATE_TIME,DELETED)
VALUES (3,'3122-YSZX-YKT','预算执行-集中支付','支付申请办理',1,1,SYSTIMESTAMP,0);

-- ============ 菜单树 ============
-- 安全管理（下沉到最后）
INSERT INTO SYS_MENU (ID,PARENT_ID,MENU_CODE,MENU_NAME,MENU_TYPE,PATH,SORT_NO,VISIBLE) VALUES (1,0,'sys','安全管理','M',NULL,90,1);
INSERT INTO SYS_MENU (ID,PARENT_ID,MENU_CODE,MENU_NAME,MENU_TYPE,PATH,SORT_NO,VISIBLE) VALUES (101,1,'sys','用户管理','C','/sys/user',11,1);
INSERT INTO SYS_MENU (ID,PARENT_ID,MENU_CODE,MENU_NAME,MENU_TYPE,PATH,SORT_NO,VISIBLE) VALUES (102,1,'sys','角色管理','C','/sys/role',12,1);
INSERT INTO SYS_MENU (ID,PARENT_ID,MENU_CODE,MENU_NAME,MENU_TYPE,PATH,SORT_NO,VISIBLE) VALUES (103,1,'sys','菜单管理','C','/sys/menu',13,1);
INSERT INTO SYS_MENU (ID,PARENT_ID,MENU_CODE,MENU_NAME,MENU_TYPE,PATH,SORT_NO,VISIBLE) VALUES (104,1,'sys','机构管理','C','/sys/org',14,1);
-- 系统管理（置顶，对齐生产）
INSERT INTO SYS_MENU (ID,PARENT_ID,MENU_CODE,MENU_NAME,MENU_TYPE,PATH,SORT_NO,VISIBLE) VALUES (2,0,'setup','系统管理','M',NULL,10,1);
INSERT INTO SYS_MENU (ID,PARENT_ID,MENU_CODE,MENU_NAME,MENU_TYPE,PATH,SORT_NO,VISIBLE) VALUES (202,2,'setup','村组维护','C','/setup/village',11,1);
INSERT INTO SYS_MENU (ID,PARENT_ID,MENU_CODE,MENU_NAME,MENU_TYPE,PATH,SORT_NO,VISIBLE) VALUES (203,2,'setup','补贴对象维护','C','/setup/beneficiary',12,1);
INSERT INTO SYS_MENU (ID,PARENT_ID,MENU_CODE,MENU_NAME,MENU_TYPE,PATH,SORT_NO,VISIBLE) VALUES (204,2,'setup','查询','C','/dept/query/list',13,1);
INSERT INTO SYS_MENU (ID,PARENT_ID,MENU_CODE,MENU_NAME,MENU_TYPE,PATH,SORT_NO,VISIBLE) VALUES (205,2,'setup','通知下载','C','/setup/notice-download',14,1);
-- 开户银行设置：生产「系统管理」不含此项，隐藏（路由保留）
INSERT INTO SYS_MENU (ID,PARENT_ID,MENU_CODE,MENU_NAME,MENU_TYPE,PATH,SORT_NO,VISIBLE) VALUES (201,2,'setup','开户银行设置','C','/setup/bank',19,0);
-- 主管部门
INSERT INTO SYS_MENU (ID,PARENT_ID,MENU_CODE,MENU_NAME,MENU_TYPE,PATH,SORT_NO,VISIBLE) VALUES (3,0,'dept','主管部门','M',NULL,20,1);
INSERT INTO SYS_MENU (ID,PARENT_ID,MENU_CODE,MENU_NAME,MENU_TYPE,PATH,SORT_NO,VISIBLE) VALUES (301,3,'dept','补贴项目维护','C','/dept/project',31,1);
INSERT INTO SYS_MENU (ID,PARENT_ID,MENU_CODE,MENU_NAME,MENU_TYPE,PATH,SORT_NO,VISIBLE) VALUES (302,3,'dept','补贴项目审核','C','/dept/project-audit',32,1);
INSERT INTO SYS_MENU (ID,PARENT_ID,MENU_CODE,MENU_NAME,MENU_TYPE,PATH,SORT_NO,VISIBLE) VALUES (303,3,'dept','项目纳入及挂接','C','/dept/project-link',33,1);
INSERT INTO SYS_MENU (ID,PARENT_ID,MENU_CODE,MENU_NAME,MENU_TYPE,PATH,SORT_NO,VISIBLE) VALUES (305,3,'dept','通知公告管理','C','/dept/notice',34,1);
INSERT INTO SYS_MENU (ID,PARENT_ID,MENU_CODE,MENU_NAME,MENU_TYPE,PATH,SORT_NO,VISIBLE) VALUES (306,3,'dept','补贴批次维护','C','/dept/batch',35,1);
INSERT INTO SYS_MENU (ID,PARENT_ID,MENU_CODE,MENU_NAME,MENU_TYPE,PATH,SORT_NO,VISIBLE) VALUES (307,3,'dept','批次发送','C','/dept/batch-send',36,1);
-- 花名册（下沉）
INSERT INTO SYS_MENU (ID,PARENT_ID,MENU_CODE,MENU_NAME,MENU_TYPE,PATH,SORT_NO,VISIBLE) VALUES (4,0,'roster','花名册','M',NULL,60,1);
INSERT INTO SYS_MENU (ID,PARENT_ID,MENU_CODE,MENU_NAME,MENU_TYPE,PATH,SORT_NO,VISIBLE) VALUES (401,4,'roster','花名册填报','C','/roster/fill',41,1);
INSERT INTO SYS_MENU (ID,PARENT_ID,MENU_CODE,MENU_NAME,MENU_TYPE,PATH,SORT_NO,VISIBLE) VALUES (402,4,'roster','花名册审核','C','/roster/audit',42,1);
-- 集中支付
INSERT INTO SYS_MENU (ID,PARENT_ID,MENU_CODE,MENU_NAME,MENU_TYPE,PATH,SORT_NO,VISIBLE) VALUES (5,0,'pay','集中支付','M',NULL,50,1);
INSERT INTO SYS_MENU (ID,PARENT_ID,MENU_CODE,MENU_NAME,MENU_TYPE,PATH,SORT_NO,VISIBLE) VALUES (501,5,'pay','项目额度挂接','C','/pay/quota',51,1);
INSERT INTO SYS_MENU (ID,PARENT_ID,MENU_CODE,MENU_NAME,MENU_TYPE,PATH,SORT_NO,VISIBLE) VALUES (502,5,'pay','发起支付申请','C','/pay/apply',52,1);
INSERT INTO SYS_MENU (ID,PARENT_ID,MENU_CODE,MENU_NAME,MENU_TYPE,PATH,SORT_NO,VISIBLE) VALUES (503,5,'pay','支付签章送审','C','/pay/submit',53,1);

-- ============ 用户-角色 ============
INSERT INTO SYS_USER_ROLE (ID,USER_ID,ROLE_ID) VALUES (1,1,1);
INSERT INTO SYS_USER_ROLE (ID,USER_ID,ROLE_ID) VALUES (2,2,2);
INSERT INTO SYS_USER_ROLE (ID,USER_ID,ROLE_ID) VALUES (3,3,2);
INSERT INTO SYS_USER_ROLE (ID,USER_ID,ROLE_ID) VALUES (4,4,2);
INSERT INTO SYS_USER_ROLE (ID,USER_ID,ROLE_ID) VALUES (5,5,3);

-- ============ 角色-菜单 ============
-- 角色 2（一卡通业务）：系统设置 + 主管部门 + 花名册 全部
INSERT INTO SYS_ROLE_MENU (ID,ROLE_ID,MENU_ID) VALUES (201,2,2);
INSERT INTO SYS_ROLE_MENU (ID,ROLE_ID,MENU_ID) VALUES (202,2,201);
INSERT INTO SYS_ROLE_MENU (ID,ROLE_ID,MENU_ID) VALUES (203,2,202);
INSERT INTO SYS_ROLE_MENU (ID,ROLE_ID,MENU_ID) VALUES (204,2,203);
INSERT INTO SYS_ROLE_MENU (ID,ROLE_ID,MENU_ID) VALUES (205,2,3);
INSERT INTO SYS_ROLE_MENU (ID,ROLE_ID,MENU_ID) VALUES (206,2,301);
INSERT INTO SYS_ROLE_MENU (ID,ROLE_ID,MENU_ID) VALUES (207,2,302);
INSERT INTO SYS_ROLE_MENU (ID,ROLE_ID,MENU_ID) VALUES (208,2,303);
INSERT INTO SYS_ROLE_MENU (ID,ROLE_ID,MENU_ID) VALUES (209,2,305);
INSERT INTO SYS_ROLE_MENU (ID,ROLE_ID,MENU_ID) VALUES (210,2,306);
INSERT INTO SYS_ROLE_MENU (ID,ROLE_ID,MENU_ID) VALUES (211,2,307);
INSERT INTO SYS_ROLE_MENU (ID,ROLE_ID,MENU_ID) VALUES (212,2,4);
INSERT INTO SYS_ROLE_MENU (ID,ROLE_ID,MENU_ID) VALUES (213,2,401);
INSERT INTO SYS_ROLE_MENU (ID,ROLE_ID,MENU_ID) VALUES (214,2,402);
-- 角色 3（集中支付）
INSERT INTO SYS_ROLE_MENU (ID,ROLE_ID,MENU_ID) VALUES (301,3,5);
INSERT INTO SYS_ROLE_MENU (ID,ROLE_ID,MENU_ID) VALUES (302,3,501);
INSERT INTO SYS_ROLE_MENU (ID,ROLE_ID,MENU_ID) VALUES (303,3,502);
INSERT INTO SYS_ROLE_MENU (ID,ROLE_ID,MENU_ID) VALUES (304,3,503);

-- ============ 业务示例数据 ============
INSERT INTO YKT_BANK (ID,BANK_CODE,BANK_NAME,UNION_CODE,REGION_CODE,STATUS,TENANT_ID,CREATE_TIME,DELETED)
VALUES (1001,'ABC','中国农业银行示范支行','103','990000',1,1,SYSTIMESTAMP,0);
INSERT INTO YKT_BANK (ID,BANK_CODE,BANK_NAME,UNION_CODE,REGION_CODE,STATUS,TENANT_ID,CREATE_TIME,DELETED)
VALUES (1002,'RCB','示范农村信用合作联社','402','990000',1,1,SYSTIMESTAMP,0);

INSERT INTO YKT_VILLAGE (ID,TOWN_ID,VILLAGE_CODE,VILLAGE_NAME,SORT_NO,STATUS,TENANT_ID,CREATE_TIME,DELETED)
VALUES (2001,11,'V2001','一号镇一号村',1,1,1,SYSTIMESTAMP,0);
INSERT INTO YKT_VILLAGE (ID,TOWN_ID,VILLAGE_CODE,VILLAGE_NAME,SORT_NO,STATUS,TENANT_ID,CREATE_TIME,DELETED)
VALUES (2002,11,'V2002','一号镇二号村',2,1,1,SYSTIMESTAMP,0);

INSERT INTO YKT_PROJECT (ID,PROJECT_CODE,PROJECT_NAME,SHORT_NAME,POLICY_LEVEL,PROJECT_LEVEL,DEPT_NAME,AUDIT_STATUS,INCLUDED,TENANT_ID,CREATE_TIME,DELETED)
VALUES (3001,'YKT2026001','耕地地力保护补贴','耕地地力补','COUNTY','COUNTY_SELF','农业农村局','APPROVED',1,1,SYSTIMESTAMP,0);
INSERT INTO YKT_PROJECT (ID,PROJECT_NAME,SHORT_NAME,POLICY_LEVEL,PROJECT_LEVEL,DEPT_NAME,AUDIT_STATUS,INCLUDED,TENANT_ID,CREATE_TIME,DELETED)
VALUES (3002,'城乡居民基础养老金','养老金','PROVINCE','PROV_SELF','人社局','DRAFT',0,1,SYSTIMESTAMP,0);

INSERT INTO YKT_BENEFICIARY (ID,NAME,ID_CARD,SOCIAL_CARD,TOWN_ID,VILLAGE_ID,BANK_ID,BANK_ACCOUNT,STATUS,TENANT_ID,CREATE_TIME,DELETED)
VALUES (4001,'张三','990000199001011234','990000A0001',11,2001,1001,'6200000000000000001','1',1,SYSTIMESTAMP,0);
INSERT INTO YKT_BENEFICIARY (ID,NAME,ID_CARD,SOCIAL_CARD,TOWN_ID,VILLAGE_ID,BANK_ID,BANK_ACCOUNT,STATUS,TENANT_ID,CREATE_TIME,DELETED)
VALUES (4002,'李四','990000199203054321',NULL,11,2001,1002,'6200000000000000002','1',1,SYSTIMESTAMP,0);

-- 5001 用于「补贴批次维护」的下达演示，审核岗置 DONE 不混入发放数据审核待审核列表
INSERT INTO YKT_BATCH (ID,BATCH_NAME,PROJECT_ID,TOWN_ID,STATUS,AUDIT_STAGE,LAST_RESULT,PLAN_AMOUNT,PLAN_COUNT,TENANT_ID,CREATE_TIME,DELETED)
VALUES (5001,'2026年第一批耕地地力保护补贴',3001,11,'NEW','DONE','已终审',120000,200,1,SYSTIMESTAMP,0);

-- ============ 发放数据审核 + 惠民报表：菜单 ============
INSERT INTO SYS_MENU (ID,PARENT_ID,MENU_CODE,MENU_NAME,MENU_TYPE,PATH,SORT_NO,VISIBLE) VALUES (6,0,'audit','发放数据审核','M',NULL,30,1);
INSERT INTO SYS_MENU (ID,PARENT_ID,MENU_CODE,MENU_NAME,MENU_TYPE,PATH,SORT_NO,VISIBLE) VALUES (601,6,'audit','审核','C','/dept/audit/review',31,1);
INSERT INTO SYS_MENU (ID,PARENT_ID,MENU_CODE,MENU_NAME,MENU_TYPE,PATH,SORT_NO,VISIBLE) VALUES (7,0,'report','惠民报表','M',NULL,40,1);
INSERT INTO SYS_MENU (ID,PARENT_ID,MENU_CODE,MENU_NAME,MENU_TYPE,PATH,SORT_NO,VISIBLE) VALUES (701,7,'report','补贴发放报表','C','/report/grant',41,1);
INSERT INTO SYS_ROLE_MENU (ID,ROLE_ID,MENU_ID) VALUES (220,2,6);
INSERT INTO SYS_ROLE_MENU (ID,ROLE_ID,MENU_ID) VALUES (221,2,601);
INSERT INTO SYS_ROLE_MENU (ID,ROLE_ID,MENU_ID) VALUES (222,2,204);
INSERT INTO SYS_ROLE_MENU (ID,ROLE_ID,MENU_ID) VALUES (223,2,205);
INSERT INTO SYS_ROLE_MENU (ID,ROLE_ID,MENU_ID) VALUES (224,2,7);
INSERT INTO SYS_ROLE_MENU (ID,ROLE_ID,MENU_ID) VALUES (225,2,701);

-- ============ 发放数据审核：单位 + 项目 + 批次（复刻生产截图）============
INSERT INTO SYS_ORG (ID,PARENT_ID,ORG_CODE,ORG_NAME,ORG_TYPE,SORT_NO,STATUS,TENANT_ID,CREATE_TIME,DELETED)
VALUES (13,1,'DEMO-13','丙县八号乡人民政府','TOWN',5,1,1,SYSTIMESTAMP,0);

INSERT INTO YKT_PROJECT (ID,PROJECT_CODE,PROJECT_NAME,SHORT_NAME,POLICY_LEVEL,PROJECT_LEVEL,DEPT_NAME,AUDIT_STATUS,INCLUDED,TENANT_ID,CREATE_TIME,DELETED)
VALUES (3003,'YKT2026003','生态护林员补助','护林员补','COUNTY','COUNTY_SELF','林草局','APPROVED',1,1,SYSTIMESTAMP,0);
INSERT INTO YKT_PROJECT (ID,PROJECT_CODE,PROJECT_NAME,SHORT_NAME,POLICY_LEVEL,PROJECT_LEVEL,DEPT_NAME,AUDIT_STATUS,INCLUDED,TENANT_ID,CREATE_TIME,DELETED)
VALUES (3004,'YKT2026004','非国有林生态保护补偿','非国有林','PROVINCE','PROV_SELF','林草局','APPROVED',1,1,SYSTIMESTAMP,0);
INSERT INTO YKT_PROJECT (ID,PROJECT_CODE,PROJECT_NAME,SHORT_NAME,POLICY_LEVEL,PROJECT_LEVEL,DEPT_NAME,AUDIT_STATUS,INCLUDED,TENANT_ID,CREATE_TIME,DELETED)
VALUES (3005,'YKT2026005','村级自来水管理员工资','水管员资','COUNTY','COUNTY_SELF','水务局','APPROVED',1,1,SYSTIMESTAMP,0);

INSERT INTO YKT_BATCH (ID,BATCH_CODE,BATCH_NAME,PROJECT_ID,TOWN_ID,STATUS,AUDIT_STAGE,LAST_RESULT,PLAN_AMOUNT,PLAN_COUNT,TENANT_ID,CREATE_TIME,DELETED)
VALUES (5002,'9900030002026011310300 5820','202601生态护林员补助',3003,13,'ISSUED','TOWN_SUBMIT','部门审核退回',28000.00,14,1,SYSTIMESTAMP,0);
INSERT INTO YKT_BATCH (ID,BATCH_CODE,BATCH_NAME,PROJECT_ID,TOWN_ID,STATUS,AUDIT_STAGE,LAST_RESULT,PLAN_AMOUNT,PLAN_COUNT,TENANT_ID,CREATE_TIME,DELETED)
VALUES (5003,'9900030002026011310414 2097','202601非国有林生态保护补偿',3004,13,'ISSUED','TOWN_SUBMIT','乡镇退回',2259.96,8,1,SYSTIMESTAMP,0);
INSERT INTO YKT_BATCH (ID,BATCH_CODE,BATCH_NAME,PROJECT_ID,TOWN_ID,STATUS,AUDIT_STAGE,LAST_RESULT,PLAN_AMOUNT,PLAN_COUNT,TENANT_ID,CREATE_TIME,DELETED)
VALUES (5004,'9900030002026051310564 1586','202605村级自来水管理员工资',3005,13,'ISSUED','TOWN_SUBMIT','乡镇退回',20825.00,5,1,SYSTIMESTAMP,0);

-- ============ 批次 5002 审核流水（复刻图3 流程进度）============
INSERT INTO YKT_AUDIT_LOG (ID,BATCH_ID,SEQ_NO,DONE_STATION,OPERATOR,OP_TYPE,OP_RESULT,OPINION,OP_TIME,PENDING_STATION,TENANT_ID,CREATE_TIME,DELETED)
VALUES (6001,5002,1,'开始','一卡通','新增',NULL,NULL,TO_TIMESTAMP('2026-04-20 15:19:13','YYYY-MM-DD HH24:MI:SS'),'乡镇录入',1,SYSTIMESTAMP,0);
INSERT INTO YKT_AUDIT_LOG (ID,BATCH_ID,SEQ_NO,DONE_STATION,OPERATOR,OP_TYPE,OP_RESULT,OPINION,OP_TIME,PENDING_STATION,TENANT_ID,CREATE_TIME,DELETED)
VALUES (6002,5002,2,'乡镇录入','一卡通','审核','送审',NULL,TO_TIMESTAMP('2026-04-20 16:12:33','YYYY-MM-DD HH24:MI:SS'),'乡镇审核',1,SYSTIMESTAMP,0);
INSERT INTO YKT_AUDIT_LOG (ID,BATCH_ID,SEQ_NO,DONE_STATION,OPERATOR,OP_TYPE,OP_RESULT,OPINION,OP_TIME,PENDING_STATION,TENANT_ID,CREATE_TIME,DELETED)
VALUES (6003,5002,3,'乡镇审核','李四','审核','乡镇已审','同意',TO_TIMESTAMP('2026-04-20 16:22:33','YYYY-MM-DD HH24:MI:SS'),'部门经办审核',1,SYSTIMESTAMP,0);
INSERT INTO YKT_AUDIT_LOG (ID,BATCH_ID,SEQ_NO,DONE_STATION,OPERATOR,OP_TYPE,OP_RESULT,OPINION,OP_TIME,PENDING_STATION,TENANT_ID,CREATE_TIME,DELETED)
VALUES (6004,5002,4,'部门经办审核','一卡通','审核','部门经办已审','同意',TO_TIMESTAMP('2026-05-20 16:01:59','YYYY-MM-DD HH24:MI:SS'),'部门领导审核',1,SYSTIMESTAMP,0);
INSERT INTO YKT_AUDIT_LOG (ID,BATCH_ID,SEQ_NO,DONE_STATION,OPERATOR,OP_TYPE,OP_RESULT,OPINION,OP_TIME,PENDING_STATION,TENANT_ID,CREATE_TIME,DELETED)
VALUES (6005,5002,5,'部门领导审核','王五','审核','终审','同意',TO_TIMESTAMP('2026-05-22 11:39:54','YYYY-MM-DD HH24:MI:SS'),'结束',1,SYSTIMESTAMP,0);
INSERT INTO YKT_AUDIT_LOG (ID,BATCH_ID,SEQ_NO,DONE_STATION,OPERATOR,OP_TYPE,OP_RESULT,OPINION,OP_TIME,PENDING_STATION,TENANT_ID,CREATE_TIME,DELETED)
VALUES (6006,5002,6,'部门经办审核','王五','取消','部门经办已审','取消审核',TO_TIMESTAMP('2026-05-22 15:20:05','YYYY-MM-DD HH24:MI:SS'),'部门领导审核',1,SYSTIMESTAMP,0);
INSERT INTO YKT_AUDIT_LOG (ID,BATCH_ID,SEQ_NO,DONE_STATION,OPERATOR,OP_TYPE,OP_RESULT,OPINION,OP_TIME,PENDING_STATION,TENANT_ID,CREATE_TIME,DELETED)
VALUES (6007,5002,7,'部门领导审核','王五','退回','部门审核退回','批次下达错误',TO_TIMESTAMP('2026-05-22 15:21:59','YYYY-MM-DD HH24:MI:SS'),'乡镇录入',1,SYSTIMESTAMP,0);

-- ============ 系统管理：戊县九号镇（复刻截图）============
INSERT INTO SYS_ORG (ID,PARENT_ID,ORG_CODE,ORG_NAME,ORG_TYPE,SORT_NO,STATUS,TENANT_ID,CREATE_TIME,DELETED)
VALUES (14,1,'990005090000','戊县九号镇人民政府','TOWN',6,1,1,SYSTIMESTAMP,0);

INSERT INTO YKT_VILLAGE (ID,TOWN_ID,VILLAGE_CODE,VILLAGE_NAME,SORT_NO,STATUS,TENANT_ID,CREATE_TIME,DELETED) VALUES (2101,14,'990005040100','一号村委会',1,1,1,SYSTIMESTAMP,0);
INSERT INTO YKT_VILLAGE (ID,TOWN_ID,VILLAGE_CODE,VILLAGE_NAME,SORT_NO,STATUS,TENANT_ID,CREATE_TIME,DELETED) VALUES (2102,14,'990005040200','二号村委会',2,1,1,SYSTIMESTAMP,0);
INSERT INTO YKT_VILLAGE (ID,TOWN_ID,VILLAGE_CODE,VILLAGE_NAME,SORT_NO,STATUS,TENANT_ID,CREATE_TIME,DELETED) VALUES (2103,14,'990005040300','三号村委会',3,1,1,SYSTIMESTAMP,0);
INSERT INTO YKT_VILLAGE (ID,TOWN_ID,VILLAGE_CODE,VILLAGE_NAME,SORT_NO,STATUS,TENANT_ID,CREATE_TIME,DELETED) VALUES (2104,14,'990005040400','四号村委会',4,1,1,SYSTIMESTAMP,0);
INSERT INTO YKT_VILLAGE (ID,TOWN_ID,VILLAGE_CODE,VILLAGE_NAME,SORT_NO,STATUS,TENANT_ID,CREATE_TIME,DELETED) VALUES (2105,14,'990005040500','五号村委会',5,1,1,SYSTIMESTAMP,0);
INSERT INTO YKT_VILLAGE (ID,TOWN_ID,VILLAGE_CODE,VILLAGE_NAME,SORT_NO,STATUS,TENANT_ID,CREATE_TIME,DELETED) VALUES (2106,14,'990005040600','六号村委会',6,1,1,SYSTIMESTAMP,0);
INSERT INTO YKT_VILLAGE (ID,TOWN_ID,VILLAGE_CODE,VILLAGE_NAME,SORT_NO,STATUS,TENANT_ID,CREATE_TIME,DELETED) VALUES (2107,14,'990005040700','七号村委会',7,1,1,SYSTIMESTAMP,0);
INSERT INTO YKT_VILLAGE (ID,TOWN_ID,VILLAGE_CODE,VILLAGE_NAME,SORT_NO,STATUS,TENANT_ID,CREATE_TIME,DELETED) VALUES (2108,14,'990005040800','八号村委会',8,1,1,SYSTIMESTAMP,0);
INSERT INTO YKT_VILLAGE (ID,TOWN_ID,VILLAGE_CODE,VILLAGE_NAME,SORT_NO,STATUS,TENANT_ID,CREATE_TIME,DELETED) VALUES (2109,14,'990005040900','九号村委会',9,1,1,SYSTIMESTAMP,0);
INSERT INTO YKT_VILLAGE (ID,TOWN_ID,VILLAGE_CODE,VILLAGE_NAME,SORT_NO,STATUS,TENANT_ID,CREATE_TIME,DELETED) VALUES (2110,14,'990005041000','十号村委会',10,1,1,SYSTIMESTAMP,0);
INSERT INTO YKT_VILLAGE (ID,TOWN_ID,VILLAGE_CODE,VILLAGE_NAME,SORT_NO,STATUS,TENANT_ID,CREATE_TIME,DELETED) VALUES (2111,14,'990005041100','十一号村委会',11,1,1,SYSTIMESTAMP,0);
INSERT INTO YKT_VILLAGE (ID,TOWN_ID,VILLAGE_CODE,VILLAGE_NAME,SORT_NO,STATUS,TENANT_ID,CREATE_TIME,DELETED) VALUES (2112,14,'990005041200','十二号村委会',12,1,1,SYSTIMESTAMP,0);

INSERT INTO YKT_BENEFICIARY (ID,HOUSEHOLD_CODE,HEAD_NAME,HEAD_ID_CARD,NAME,ID_CARD,TOWN_ID,VILLAGE_ID,GROUP_NAME,RELATION,ACCOUNT_NAME,BANK_ACCOUNT,STATUS,REFERRED,TENANT_ID,CREATE_TIME,DELETED)
VALUES (4101,'0000002222','王五','990005197605083013','王五','990005197605083013',14,2104,'一组','本人','王五','6200000000000000101','1',1,1,SYSTIMESTAMP,0);
INSERT INTO YKT_BENEFICIARY (ID,HOUSEHOLD_CODE,HEAD_NAME,HEAD_ID_CARD,NAME,ID_CARD,TOWN_ID,VILLAGE_ID,GROUP_NAME,RELATION,ACCOUNT_NAME,BANK_ACCOUNT,STATUS,REFERRED,TENANT_ID,CREATE_TIME,DELETED)
VALUES (4102,'000111111','赵六','99000519570102302X','赵六','99000519570102302X',14,2101,'一组','本人','赵六','6200000000000000102','1',1,1,SYSTIMESTAMP,0);
INSERT INTO YKT_BENEFICIARY (ID,HOUSEHOLD_CODE,HEAD_NAME,HEAD_ID_CARD,NAME,ID_CARD,TOWN_ID,VILLAGE_ID,GROUP_NAME,RELATION,ACCOUNT_NAME,BANK_ACCOUNT,STATUS,REFERRED,TENANT_ID,CREATE_TIME,DELETED)
VALUES (4103,'0121210210102','孙七','990005195005093024','孙七','990005195005093024',14,2102,'一组','本人','孙七','6200000000000000103','1',0,1,SYSTIMESTAMP,0);
INSERT INTO YKT_BENEFICIARY (ID,HOUSEHOLD_CODE,HEAD_NAME,HEAD_ID_CARD,NAME,ID_CARD,TOWN_ID,VILLAGE_ID,GROUP_NAME,RELATION,ACCOUNT_NAME,BANK_ACCOUNT,STATUS,REFERRED,TENANT_ID,CREATE_TIME,DELETED)
VALUES (4104,'0215454144','周八','990005194504013047','周八','990005194504013047',14,2111,'一组','本人','周八','6200000000000000104','1',0,1,SYSTIMESTAMP,0);
INSERT INTO YKT_BENEFICIARY (ID,HOUSEHOLD_CODE,HEAD_NAME,HEAD_ID_CARD,NAME,ID_CARD,TOWN_ID,VILLAGE_ID,GROUP_NAME,GENDER,RELATION,ACCOUNT_NAME,BANK_ACCOUNT,STATUS,REFERRED,TENANT_ID,CREATE_TIME,DELETED)
VALUES (4105,'023300','吴九','990005193602180012','吴九','990005193602180012',14,2108,'一组','男','本人','吴九','6200000000000000105','1',0,1,SYSTIMESTAMP,0);
INSERT INTO YKT_BENEFICIARY (ID,HOUSEHOLD_CODE,HEAD_NAME,HEAD_ID_CARD,NAME,ID_CARD,TOWN_ID,VILLAGE_ID,GROUP_NAME,RELATION,ACCOUNT_NAME,BANK_ACCOUNT,STATUS,REFERRED,TENANT_ID,CREATE_TIME,DELETED)
VALUES (4106,'1234567','郑十','990005196809093016','冯十一','990005199008103038',14,2101,'一社','儿子','冯十一','6200000000000000106','1',0,1,SYSTIMESTAMP,0);

COMMIT;
