-- =====================================================================
-- 一卡通管理模块 种子数据。密码为明文（AuthController 校验失败会回退明文比对）。
-- 登录：admin / admin123（系统管理员，全菜单）
--       town_op / 123456（乡镇经办）  town_audit / 123456（乡镇审核）
--       dept_op / 123456（部门经办）  dept_audit / 123456（部门审核）
-- 所有数据 TENANT_ID=1。
-- =====================================================================

-- ============ 组织机构 ============
INSERT INTO SYS_ORG (ID,PARENT_ID,ORG_CODE,ORG_NAME,ORG_TYPE,SORT_NO,STATUS,TENANT_ID,CREATE_TIME,DELETED)
VALUES (1,0,'DEMO','示范县','COUNTY',1,1,1,SYSTIMESTAMP,0);
INSERT INTO SYS_ORG (ID,PARENT_ID,ORG_CODE,ORG_NAME,ORG_TYPE,SORT_NO,STATUS,TENANT_ID,CREATE_TIME,DELETED)
VALUES (10,1,'DEMO-CZ','示范县财政局','DEPT',2,1,1,SYSTIMESTAMP,0);
INSERT INTO SYS_ORG (ID,PARENT_ID,ORG_CODE,ORG_NAME,ORG_TYPE,SORT_NO,STATUS,TENANT_ID,CREATE_TIME,DELETED)
VALUES (11,1,'DEMO-01','一号镇','TOWN',3,1,1,SYSTIMESTAMP,0);
INSERT INTO SYS_ORG (ID,PARENT_ID,ORG_CODE,ORG_NAME,ORG_TYPE,SORT_NO,STATUS,TENANT_ID,CREATE_TIME,DELETED)
VALUES (12,1,'DEMO-02','二号镇','TOWN',4,1,1,SYSTIMESTAMP,0);

-- ============ 用户 ============
INSERT INTO SYS_USER (ID,ORG_ID,USERNAME,PASSWORD,REAL_NAME,USER_TYPE,STATUS,TENANT_ID,CREATE_TIME,DELETED)
VALUES (1,1,'admin','admin123','系统管理员','SYS_ADMIN',1,1,SYSTIMESTAMP,0);
INSERT INTO SYS_USER (ID,ORG_ID,USERNAME,PASSWORD,REAL_NAME,USER_TYPE,STATUS,TENANT_ID,CREATE_TIME,DELETED)
VALUES (2,11,'town_op','123456','一号镇经办','TOWN_OP',1,1,SYSTIMESTAMP,0);
INSERT INTO SYS_USER (ID,ORG_ID,USERNAME,PASSWORD,REAL_NAME,USER_TYPE,STATUS,TENANT_ID,CREATE_TIME,DELETED)
VALUES (3,11,'town_audit','123456','一号镇审核','TOWN_AUDIT',1,1,SYSTIMESTAMP,0);
INSERT INTO SYS_USER (ID,ORG_ID,USERNAME,PASSWORD,REAL_NAME,USER_TYPE,STATUS,TENANT_ID,CREATE_TIME,DELETED)
VALUES (4,10,'dept_op','123456','部门经办','DEPT_OP',1,1,SYSTIMESTAMP,0);
INSERT INTO SYS_USER (ID,ORG_ID,USERNAME,PASSWORD,REAL_NAME,USER_TYPE,STATUS,TENANT_ID,CREATE_TIME,DELETED)
VALUES (5,10,'dept_audit','123456','部门审核','DEPT_AUDIT',1,1,SYSTIMESTAMP,0);

-- ============ 角色（含两个权限角色）============
INSERT INTO SYS_ROLE (ID,ROLE_CODE,ROLE_NAME,REMARK,STATUS,TENANT_ID,CREATE_TIME,DELETED)
VALUES (1,'ROLE_ADMIN','系统管理员','全部权限',1,1,SYSTIMESTAMP,0);
INSERT INTO SYS_ROLE (ID,ROLE_CODE,ROLE_NAME,REMARK,STATUS,TENANT_ID,CREATE_TIME,DELETED)
VALUES (2,'DDDL-ZHXT-006','整合系统-一卡通','乡镇/部门业务办理',1,1,SYSTIMESTAMP,0);
INSERT INTO SYS_ROLE (ID,ROLE_CODE,ROLE_NAME,REMARK,STATUS,TENANT_ID,CREATE_TIME,DELETED)
VALUES (3,'3122-YSZX-YKT','预算执行-集中支付','支付申请办理',1,1,SYSTIMESTAMP,0);

-- ============ 菜单树 ============
-- 安全管理（下沉到最后）
INSERT INTO SYS_MENU (ID,PARENT_ID,MENU_CODE,MENU_NAME,MENU_TYPE,PATH,SORT_NO,VISIBLE) VALUES (1,0,'sys','安全管理','M',NULL,90,1);
INSERT INTO SYS_MENU (ID,PARENT_ID,MENU_CODE,MENU_NAME,MENU_TYPE,PATH,SORT_NO,VISIBLE) VALUES (101,1,'sys','用户管理','C','/sys/user',11,1);
INSERT INTO SYS_MENU (ID,PARENT_ID,MENU_CODE,MENU_NAME,MENU_TYPE,PATH,SORT_NO,VISIBLE) VALUES (102,1,'sys','角色管理','C','/sys/role',12,1);
INSERT INTO SYS_MENU (ID,PARENT_ID,MENU_CODE,MENU_NAME,MENU_TYPE,PATH,SORT_NO,VISIBLE) VALUES (103,1,'sys','菜单管理','C','/sys/menu',13,1);
INSERT INTO SYS_MENU (ID,PARENT_ID,MENU_CODE,MENU_NAME,MENU_TYPE,PATH,SORT_NO,VISIBLE) VALUES (104,1,'sys','机构管理','C','/sys/org',14,1);
-- 系统管理（置顶，对齐生产）
INSERT INTO SYS_MENU (ID,PARENT_ID,MENU_CODE,MENU_NAME,MENU_TYPE,PATH,SORT_NO,VISIBLE) VALUES (2,0,'setup','系统管理','M',NULL,10,1);
INSERT INTO SYS_MENU (ID,PARENT_ID,MENU_CODE,MENU_NAME,MENU_TYPE,PATH,SORT_NO,VISIBLE) VALUES (202,2,'setup','村组维护','C','/setup/village',11,1);
INSERT INTO SYS_MENU (ID,PARENT_ID,MENU_CODE,MENU_NAME,MENU_TYPE,PATH,SORT_NO,VISIBLE) VALUES (203,2,'setup','补贴对象维护','C','/setup/beneficiary',12,1);
INSERT INTO SYS_MENU (ID,PARENT_ID,MENU_CODE,MENU_NAME,MENU_TYPE,PATH,SORT_NO,VISIBLE) VALUES (204,2,'setup','查询','C','/dept/query/list',13,1);
INSERT INTO SYS_MENU (ID,PARENT_ID,MENU_CODE,MENU_NAME,MENU_TYPE,PATH,SORT_NO,VISIBLE) VALUES (205,2,'setup','通知下载','C','/setup/notice-download',14,1);
-- 开户银行设置：生产「系统管理」不含此项，隐藏（路由保留）
INSERT INTO SYS_MENU (ID,PARENT_ID,MENU_CODE,MENU_NAME,MENU_TYPE,PATH,SORT_NO,VISIBLE) VALUES (201,2,'setup','开户银行设置','C','/setup/bank',19,0);
-- 主管部门
INSERT INTO SYS_MENU (ID,PARENT_ID,MENU_CODE,MENU_NAME,MENU_TYPE,PATH,SORT_NO,VISIBLE) VALUES (3,0,'dept','主管部门','M',NULL,20,1);
INSERT INTO SYS_MENU (ID,PARENT_ID,MENU_CODE,MENU_NAME,MENU_TYPE,PATH,SORT_NO,VISIBLE) VALUES (301,3,'dept','补贴项目维护','C','/dept/project',31,1);
INSERT INTO SYS_MENU (ID,PARENT_ID,MENU_CODE,MENU_NAME,MENU_TYPE,PATH,SORT_NO,VISIBLE) VALUES (302,3,'dept','补贴项目审核','C','/dept/project-audit',32,1);
INSERT INTO SYS_MENU (ID,PARENT_ID,MENU_CODE,MENU_NAME,MENU_TYPE,PATH,SORT_NO,VISIBLE) VALUES (303,3,'dept','项目纳入及挂接','C','/dept/project-link',33,1);
INSERT INTO SYS_MENU (ID,PARENT_ID,MENU_CODE,MENU_NAME,MENU_TYPE,PATH,SORT_NO,VISIBLE) VALUES (305,3,'dept','通知公告管理','C','/dept/notice',34,1);
INSERT INTO SYS_MENU (ID,PARENT_ID,MENU_CODE,MENU_NAME,MENU_TYPE,PATH,SORT_NO,VISIBLE) VALUES (306,3,'dept','补贴批次维护','C','/dept/batch',35,1);
INSERT INTO SYS_MENU (ID,PARENT_ID,MENU_CODE,MENU_NAME,MENU_TYPE,PATH,SORT_NO,VISIBLE) VALUES (307,3,'dept','批次发送','C','/dept/batch-send',36,1);
INSERT INTO SYS_MENU (ID,PARENT_ID,MENU_CODE,MENU_NAME,MENU_TYPE,PATH,SORT_NO,VISIBLE) VALUES (311,3,'dept','发放表定义','C','/dept/tpl-define',37,1);
-- 花名册（下沉）
INSERT INTO SYS_MENU (ID,PARENT_ID,MENU_CODE,MENU_NAME,MENU_TYPE,PATH,SORT_NO,VISIBLE) VALUES (4,0,'roster','花名册','M',NULL,60,1);
INSERT INTO SYS_MENU (ID,PARENT_ID,MENU_CODE,MENU_NAME,MENU_TYPE,PATH,SORT_NO,VISIBLE) VALUES (401,4,'roster','花名册填报','C','/roster/fill',41,1);
INSERT INTO SYS_MENU (ID,PARENT_ID,MENU_CODE,MENU_NAME,MENU_TYPE,PATH,SORT_NO,VISIBLE) VALUES (402,4,'roster','花名册审核','C','/roster/audit',42,1);
-- 集中支付
INSERT INTO SYS_MENU (ID,PARENT_ID,MENU_CODE,MENU_NAME,MENU_TYPE,PATH,SORT_NO,VISIBLE) VALUES (5,0,'pay','集中支付','M',NULL,50,1);
INSERT INTO SYS_MENU (ID,PARENT_ID,MENU_CODE,MENU_NAME,MENU_TYPE,PATH,SORT_NO,VISIBLE) VALUES (501,5,'pay','项目额度挂接','C','/pay/quota',51,1);
INSERT INTO SYS_MENU (ID,PARENT_ID,MENU_CODE,MENU_NAME,MENU_TYPE,PATH,SORT_NO,VISIBLE) VALUES (502,5,'pay','发起支付申请','C','/pay/apply',52,1);
INSERT INTO SYS_MENU (ID,PARENT_ID,MENU_CODE,MENU_NAME,MENU_TYPE,PATH,SORT_NO,VISIBLE) VALUES (503,5,'pay','支付签章送审','C','/pay/submit',53,1);

-- ============ 用户-角色 ============
INSERT INTO SYS_USER_ROLE (ID,USER_ID,ROLE_ID) VALUES (1,1,1);
INSERT INTO SYS_USER_ROLE (ID,USER_ID,ROLE_ID) VALUES (2,2,2);
INSERT INTO SYS_USER_ROLE (ID,USER_ID,ROLE_ID) VALUES (3,3,2);
INSERT INTO SYS_USER_ROLE (ID,USER_ID,ROLE_ID) VALUES (4,4,2);
INSERT INTO SYS_USER_ROLE (ID,USER_ID,ROLE_ID) VALUES (5,5,3);

-- ============ 角色-菜单 ============
-- 角色 2（一卡通业务）：系统设置 + 主管部门 + 花名册 全部
INSERT INTO SYS_ROLE_MENU (ID,ROLE_ID,MENU_ID) VALUES (201,2,2);
INSERT INTO SYS_ROLE_MENU (ID,ROLE_ID,MENU_ID) VALUES (202,2,201);
INSERT INTO SYS_ROLE_MENU (ID,ROLE_ID,MENU_ID) VALUES (203,2,202);
INSERT INTO SYS_ROLE_MENU (ID,ROLE_ID,MENU_ID) VALUES (204,2,203);
INSERT INTO SYS_ROLE_MENU (ID,ROLE_ID,MENU_ID) VALUES (205,2,3);
INSERT INTO SYS_ROLE_MENU (ID,ROLE_ID,MENU_ID) VALUES (206,2,301);
INSERT INTO SYS_ROLE_MENU (ID,ROLE_ID,MENU_ID) VALUES (207,2,302);
INSERT INTO SYS_ROLE_MENU (ID,ROLE_ID,MENU_ID) VALUES (208,2,303);
INSERT INTO SYS_ROLE_MENU (ID,ROLE_ID,MENU_ID) VALUES (209,2,305);
INSERT INTO SYS_ROLE_MENU (ID,ROLE_ID,MENU_ID) VALUES (210,2,306);
INSERT INTO SYS_ROLE_MENU (ID,ROLE_ID,MENU_ID) VALUES (211,2,307);
INSERT INTO SYS_ROLE_MENU (ID,ROLE_ID,MENU_ID) VALUES (215,2,311);
INSERT INTO SYS_ROLE_MENU (ID,ROLE_ID,MENU_ID) VALUES (212,2,4);
INSERT INTO SYS_ROLE_MENU (ID,ROLE_ID,MENU_ID) VALUES (213,2,401);
INSERT INTO SYS_ROLE_MENU (ID,ROLE_ID,MENU_ID) VALUES (214,2,402);
-- 角色 3（集中支付）
INSERT INTO SYS_ROLE_MENU (ID,ROLE_ID,MENU_ID) VALUES (301,3,5);
INSERT INTO SYS_ROLE_MENU (ID,ROLE_ID,MENU_ID) VALUES (302,3,501);
INSERT INTO SYS_ROLE_MENU (ID,ROLE_ID,MENU_ID) VALUES (303,3,502);
INSERT INTO SYS_ROLE_MENU (ID,ROLE_ID,MENU_ID) VALUES (304,3,503);

-- ============ 业务示例数据 ============
INSERT INTO YKT_BANK (ID,BANK_CODE,BANK_NAME,UNION_CODE,REGION_CODE,STATUS,TENANT_ID,CREATE_TIME,DELETED)
VALUES (1001,'ABC','中国农业银行示范支行','103','990000',1,1,SYSTIMESTAMP,0);
INSERT INTO YKT_BANK (ID,BANK_CODE,BANK_NAME,UNION_CODE,REGION_CODE,STATUS,TENANT_ID,CREATE_TIME,DELETED)
VALUES (1002,'RCB','示范农村信用合作联社','402','990000',1,1,SYSTIMESTAMP,0);

INSERT INTO YKT_VILLAGE (ID,TOWN_ID,VILLAGE_CODE,VILLAGE_NAME,SORT_NO,STATUS,TENANT_ID,CREATE_TIME,DELETED)
VALUES (2001,11,'V2001','一号镇一号村',1,1,1,SYSTIMESTAMP,0);
INSERT INTO YKT_VILLAGE (ID,TOWN_ID,VILLAGE_CODE,VILLAGE_NAME,SORT_NO,STATUS,TENANT_ID,CREATE_TIME,DELETED)
VALUES (2002,11,'V2002','一号镇二号村',2,1,1,SYSTIMESTAMP,0);

INSERT INTO YKT_PROJECT (ID,PROJECT_CODE,PROJECT_NAME,SHORT_NAME,POLICY_LEVEL,PROJECT_LEVEL,DEPT_NAME,AUDIT_STATUS,INCLUDED,TENANT_ID,CREATE_TIME,DELETED)
VALUES (3001,'YKT2026001','耕地地力保护补贴','耕地地力补','COUNTY','COUNTY_SELF','农业农村局','APPROVED',1,1,SYSTIMESTAMP,0);
INSERT INTO YKT_PROJECT (ID,PROJECT_NAME,SHORT_NAME,POLICY_LEVEL,PROJECT_LEVEL,DEPT_NAME,AUDIT_STATUS,INCLUDED,TENANT_ID,CREATE_TIME,DELETED)
VALUES (3002,'城乡居民基础养老金','养老金','PROVINCE','PROV_SELF','人社局','DRAFT',0,1,SYSTIMESTAMP,0);

INSERT INTO YKT_BENEFICIARY (ID,NAME,ID_CARD,SOCIAL_CARD,TOWN_ID,VILLAGE_ID,BANK_ID,BANK_ACCOUNT,STATUS,TENANT_ID,CREATE_TIME,DELETED)
VALUES (4001,'张三','990000199001011234','990000A0001',11,2001,1001,'6200000000000000001','1',1,SYSTIMESTAMP,0);
INSERT INTO YKT_BENEFICIARY (ID,NAME,ID_CARD,SOCIAL_CARD,TOWN_ID,VILLAGE_ID,BANK_ID,BANK_ACCOUNT,STATUS,TENANT_ID,CREATE_TIME,DELETED)
VALUES (4002,'李四','990000199203054321',NULL,11,2001,1002,'6200000000000000002','1',1,SYSTIMESTAMP,0);

-- 5001 用于「补贴批次维护」的下达演示，审核岗置 DONE 不混入发放数据审核待审核列表
INSERT INTO YKT_BATCH (ID,BATCH_NAME,PROJECT_ID,TOWN_ID,STATUS,AUDIT_STAGE,LAST_RESULT,PLAN_AMOUNT,PLAN_COUNT,TENANT_ID,CREATE_TIME,DELETED)
VALUES (5001,'2026年第一批耕地地力保护补贴',3001,11,'NEW','DONE','已终审',120000,200,1,SYSTIMESTAMP,0);

-- ============ 发放数据审核 + 惠民报表：菜单 ============
INSERT INTO SYS_MENU (ID,PARENT_ID,MENU_CODE,MENU_NAME,MENU_TYPE,PATH,SORT_NO,VISIBLE) VALUES (6,0,'audit','发放数据审核','M',NULL,30,1);
INSERT INTO SYS_MENU (ID,PARENT_ID,MENU_CODE,MENU_NAME,MENU_TYPE,PATH,SORT_NO,VISIBLE) VALUES (601,6,'audit','审核','C','/dept/audit/review',31,1);
INSERT INTO SYS_MENU (ID,PARENT_ID,MENU_CODE,MENU_NAME,MENU_TYPE,PATH,SORT_NO,VISIBLE) VALUES (7,0,'report','惠民报表','M',NULL,40,1);
INSERT INTO SYS_MENU (ID,PARENT_ID,MENU_CODE,MENU_NAME,MENU_TYPE,PATH,SORT_NO,VISIBLE) VALUES (701,7,'report','补贴发放报表','C','/report/grant',41,1);
INSERT INTO SYS_ROLE_MENU (ID,ROLE_ID,MENU_ID) VALUES (220,2,6);
INSERT INTO SYS_ROLE_MENU (ID,ROLE_ID,MENU_ID) VALUES (221,2,601);
INSERT INTO SYS_ROLE_MENU (ID,ROLE_ID,MENU_ID) VALUES (222,2,204);
INSERT INTO SYS_ROLE_MENU (ID,ROLE_ID,MENU_ID) VALUES (223,2,205);
INSERT INTO SYS_ROLE_MENU (ID,ROLE_ID,MENU_ID) VALUES (224,2,7);
INSERT INTO SYS_ROLE_MENU (ID,ROLE_ID,MENU_ID) VALUES (225,2,701);

-- ============ 发放数据审核：单位 + 项目 + 批次（复刻生产截图）============
INSERT INTO SYS_ORG (ID,PARENT_ID,ORG_CODE,ORG_NAME,ORG_TYPE,SORT_NO,STATUS,TENANT_ID,CREATE_TIME,DELETED)
VALUES (13,1,'DEMO-13','丙县八号乡人民政府','TOWN',5,1,1,SYSTIMESTAMP,0);

INSERT INTO YKT_PROJECT (ID,PROJECT_CODE,PROJECT_NAME,SHORT_NAME,POLICY_LEVEL,PROJECT_LEVEL,DEPT_NAME,AUDIT_STATUS,INCLUDED,TENANT_ID,CREATE_TIME,DELETED)
VALUES (3003,'YKT2026003','生态护林员补助','护林员补','COUNTY','COUNTY_SELF','林草局','APPROVED',1,1,SYSTIMESTAMP,0);
INSERT INTO YKT_PROJECT (ID,PROJECT_CODE,PROJECT_NAME,SHORT_NAME,POLICY_LEVEL,PROJECT_LEVEL,DEPT_NAME,AUDIT_STATUS,INCLUDED,TENANT_ID,CREATE_TIME,DELETED)
VALUES (3004,'YKT2026004','非国有林生态保护补偿','非国有林','PROVINCE','PROV_SELF','林草局','APPROVED',1,1,SYSTIMESTAMP,0);
INSERT INTO YKT_PROJECT (ID,PROJECT_CODE,PROJECT_NAME,SHORT_NAME,POLICY_LEVEL,PROJECT_LEVEL,DEPT_NAME,AUDIT_STATUS,INCLUDED,TENANT_ID,CREATE_TIME,DELETED)
VALUES (3005,'YKT2026005','村级自来水管理员工资','水管员资','COUNTY','COUNTY_SELF','水务局','APPROVED',1,1,SYSTIMESTAMP,0);

INSERT INTO YKT_BATCH (ID,BATCH_CODE,BATCH_NAME,PROJECT_ID,TOWN_ID,STATUS,AUDIT_STAGE,LAST_RESULT,PLAN_AMOUNT,PLAN_COUNT,TENANT_ID,CREATE_TIME,DELETED)
VALUES (5002,'9900030002026011310300 5820','202601生态护林员补助',3003,13,'ISSUED','TOWN_SUBMIT','部门审核退回',28000.00,14,1,SYSTIMESTAMP,0);
INSERT INTO YKT_BATCH (ID,BATCH_CODE,BATCH_NAME,PROJECT_ID,TOWN_ID,STATUS,AUDIT_STAGE,LAST_RESULT,PLAN_AMOUNT,PLAN_COUNT,TENANT_ID,CREATE_TIME,DELETED)
VALUES (5003,'9900030002026011310414 2097','202601非国有林生态保护补偿',3004,13,'ISSUED','TOWN_SUBMIT','乡镇退回',2259.96,8,1,SYSTIMESTAMP,0);
INSERT INTO YKT_BATCH (ID,BATCH_CODE,BATCH_NAME,PROJECT_ID,TOWN_ID,STATUS,AUDIT_STAGE,LAST_RESULT,PLAN_AMOUNT,PLAN_COUNT,TENANT_ID,CREATE_TIME,DELETED)
VALUES (5004,'9900030002026051310564 1586','202605村级自来水管理员工资',3005,13,'ISSUED','TOWN_SUBMIT','乡镇退回',20825.00,5,1,SYSTIMESTAMP,0);

-- ============ 批次 5002 审核流水（复刻图3 流程进度）============
INSERT INTO YKT_AUDIT_LOG (ID,BATCH_ID,SEQ_NO,DONE_STATION,OPERATOR,OP_TYPE,OP_RESULT,OPINION,OP_TIME,PENDING_STATION,TENANT_ID,CREATE_TIME,DELETED)
VALUES (6001,5002,1,'开始','一卡通','新增',NULL,NULL,TO_TIMESTAMP('2026-04-20 15:19:13','YYYY-MM-DD HH24:MI:SS'),'乡镇录入',1,SYSTIMESTAMP,0);
INSERT INTO YKT_AUDIT_LOG (ID,BATCH_ID,SEQ_NO,DONE_STATION,OPERATOR,OP_TYPE,OP_RESULT,OPINION,OP_TIME,PENDING_STATION,TENANT_ID,CREATE_TIME,DELETED)
VALUES (6002,5002,2,'乡镇录入','一卡通','审核','送审',NULL,TO_TIMESTAMP('2026-04-20 16:12:33','YYYY-MM-DD HH24:MI:SS'),'乡镇审核',1,SYSTIMESTAMP,0);
INSERT INTO YKT_AUDIT_LOG (ID,BATCH_ID,SEQ_NO,DONE_STATION,OPERATOR,OP_TYPE,OP_RESULT,OPINION,OP_TIME,PENDING_STATION,TENANT_ID,CREATE_TIME,DELETED)
VALUES (6003,5002,3,'乡镇审核','李四','审核','乡镇已审','同意',TO_TIMESTAMP('2026-04-20 16:22:33','YYYY-MM-DD HH24:MI:SS'),'部门经办审核',1,SYSTIMESTAMP,0);
INSERT INTO YKT_AUDIT_LOG (ID,BATCH_ID,SEQ_NO,DONE_STATION,OPERATOR,OP_TYPE,OP_RESULT,OPINION,OP_TIME,PENDING_STATION,TENANT_ID,CREATE_TIME,DELETED)
VALUES (6004,5002,4,'部门经办审核','一卡通','审核','部门经办已审','同意',TO_TIMESTAMP('2026-05-20 16:01:59','YYYY-MM-DD HH24:MI:SS'),'部门领导审核',1,SYSTIMESTAMP,0);
INSERT INTO YKT_AUDIT_LOG (ID,BATCH_ID,SEQ_NO,DONE_STATION,OPERATOR,OP_TYPE,OP_RESULT,OPINION,OP_TIME,PENDING_STATION,TENANT_ID,CREATE_TIME,DELETED)
VALUES (6005,5002,5,'部门领导审核','王五','审核','终审','同意',TO_TIMESTAMP('2026-05-22 11:39:54','YYYY-MM-DD HH24:MI:SS'),'结束',1,SYSTIMESTAMP,0);
INSERT INTO YKT_AUDIT_LOG (ID,BATCH_ID,SEQ_NO,DONE_STATION,OPERATOR,OP_TYPE,OP_RESULT,OPINION,OP_TIME,PENDING_STATION,TENANT_ID,CREATE_TIME,DELETED)
VALUES (6006,5002,6,'部门经办审核','王五','取消','部门经办已审','取消审核',TO_TIMESTAMP('2026-05-22 15:20:05','YYYY-MM-DD HH24:MI:SS'),'部门领导审核',1,SYSTIMESTAMP,0);
INSERT INTO YKT_AUDIT_LOG (ID,BATCH_ID,SEQ_NO,DONE_STATION,OPERATOR,OP_TYPE,OP_RESULT,OPINION,OP_TIME,PENDING_STATION,TENANT_ID,CREATE_TIME,DELETED)
VALUES (6007,5002,7,'部门领导审核','王五','退回','部门审核退回','批次下达错误',TO_TIMESTAMP('2026-05-22 15:21:59','YYYY-MM-DD HH24:MI:SS'),'乡镇录入',1,SYSTIMESTAMP,0);

-- ============ 系统管理：戊县九号镇（复刻截图）============
INSERT INTO SYS_ORG (ID,PARENT_ID,ORG_CODE,ORG_NAME,ORG_TYPE,SORT_NO,STATUS,TENANT_ID,CREATE_TIME,DELETED)
VALUES (14,1,'990005090000','戊县九号镇人民政府','TOWN',6,1,1,SYSTIMESTAMP,0);

INSERT INTO YKT_VILLAGE (ID,TOWN_ID,VILLAGE_CODE,VILLAGE_NAME,SORT_NO,STATUS,TENANT_ID,CREATE_TIME,DELETED) VALUES (2101,14,'990005040100','一号村委会',1,1,1,SYSTIMESTAMP,0);
INSERT INTO YKT_VILLAGE (ID,TOWN_ID,VILLAGE_CODE,VILLAGE_NAME,SORT_NO,STATUS,TENANT_ID,CREATE_TIME,DELETED) VALUES (2102,14,'990005040200','二号村委会',2,1,1,SYSTIMESTAMP,0);
INSERT INTO YKT_VILLAGE (ID,TOWN_ID,VILLAGE_CODE,VILLAGE_NAME,SORT_NO,STATUS,TENANT_ID,CREATE_TIME,DELETED) VALUES (2103,14,'990005040300','三号村委会',3,1,1,SYSTIMESTAMP,0);
INSERT INTO YKT_VILLAGE (ID,TOWN_ID,VILLAGE_CODE,VILLAGE_NAME,SORT_NO,STATUS,TENANT_ID,CREATE_TIME,DELETED) VALUES (2104,14,'990005040400','四号村委会',4,1,1,SYSTIMESTAMP,0);
INSERT INTO YKT_VILLAGE (ID,TOWN_ID,VILLAGE_CODE,VILLAGE_NAME,SORT_NO,STATUS,TENANT_ID,CREATE_TIME,DELETED) VALUES (2105,14,'990005040500','五号村委会',5,1,1,SYSTIMESTAMP,0);
INSERT INTO YKT_VILLAGE (ID,TOWN_ID,VILLAGE_CODE,VILLAGE_NAME,SORT_NO,STATUS,TENANT_ID,CREATE_TIME,DELETED) VALUES (2106,14,'990005040600','六号村委会',6,1,1,SYSTIMESTAMP,0);
INSERT INTO YKT_VILLAGE (ID,TOWN_ID,VILLAGE_CODE,VILLAGE_NAME,SORT_NO,STATUS,TENANT_ID,CREATE_TIME,DELETED) VALUES (2107,14,'990005040700','七号村委会',7,1,1,SYSTIMESTAMP,0);
INSERT INTO YKT_VILLAGE (ID,TOWN_ID,VILLAGE_CODE,VILLAGE_NAME,SORT_NO,STATUS,TENANT_ID,CREATE_TIME,DELETED) VALUES (2108,14,'990005040800','八号村委会',8,1,1,SYSTIMESTAMP,0);
INSERT INTO YKT_VILLAGE (ID,TOWN_ID,VILLAGE_CODE,VILLAGE_NAME,SORT_NO,STATUS,TENANT_ID,CREATE_TIME,DELETED) VALUES (2109,14,'990005040900','九号村委会',9,1,1,SYSTIMESTAMP,0);
INSERT INTO YKT_VILLAGE (ID,TOWN_ID,VILLAGE_CODE,VILLAGE_NAME,SORT_NO,STATUS,TENANT_ID,CREATE_TIME,DELETED) VALUES (2110,14,'990005041000','十号村委会',10,1,1,SYSTIMESTAMP,0);
INSERT INTO YKT_VILLAGE (ID,TOWN_ID,VILLAGE_CODE,VILLAGE_NAME,SORT_NO,STATUS,TENANT_ID,CREATE_TIME,DELETED) VALUES (2111,14,'990005041100','十一号村委会',11,1,1,SYSTIMESTAMP,0);
INSERT INTO YKT_VILLAGE (ID,TOWN_ID,VILLAGE_CODE,VILLAGE_NAME,SORT_NO,STATUS,TENANT_ID,CREATE_TIME,DELETED) VALUES (2112,14,'990005041200','十二号村委会',12,1,1,SYSTIMESTAMP,0);

INSERT INTO YKT_BENEFICIARY (ID,HOUSEHOLD_CODE,HEAD_NAME,HEAD_ID_CARD,NAME,ID_CARD,TOWN_ID,VILLAGE_ID,GROUP_NAME,RELATION,ACCOUNT_NAME,BANK_ACCOUNT,STATUS,REFERRED,TENANT_ID,CREATE_TIME,DELETED)
VALUES (4101,'0000002222','王五','990005197605083013','王五','990005197605083013',14,2104,'一组','本人','王五','6200000000000000101','1',1,1,SYSTIMESTAMP,0);
INSERT INTO YKT_BENEFICIARY (ID,HOUSEHOLD_CODE,HEAD_NAME,HEAD_ID_CARD,NAME,ID_CARD,TOWN_ID,VILLAGE_ID,GROUP_NAME,RELATION,ACCOUNT_NAME,BANK_ACCOUNT,STATUS,REFERRED,TENANT_ID,CREATE_TIME,DELETED)
VALUES (4102,'000111111','赵六','99000519570102302X','赵六','99000519570102302X',14,2101,'一组','本人','赵六','6200000000000000102','1',1,1,SYSTIMESTAMP,0);
INSERT INTO YKT_BENEFICIARY (ID,HOUSEHOLD_CODE,HEAD_NAME,HEAD_ID_CARD,NAME,ID_CARD,TOWN_ID,VILLAGE_ID,GROUP_NAME,RELATION,ACCOUNT_NAME,BANK_ACCOUNT,STATUS,REFERRED,TENANT_ID,CREATE_TIME,DELETED)
VALUES (4103,'0121210210102','孙七','990005195005093024','孙七','990005195005093024',14,2102,'一组','本人','孙七','6200000000000000103','1',0,1,SYSTIMESTAMP,0);
INSERT INTO YKT_BENEFICIARY (ID,HOUSEHOLD_CODE,HEAD_NAME,HEAD_ID_CARD,NAME,ID_CARD,TOWN_ID,VILLAGE_ID,GROUP_NAME,RELATION,ACCOUNT_NAME,BANK_ACCOUNT,STATUS,REFERRED,TENANT_ID,CREATE_TIME,DELETED)
VALUES (4104,'0215454144','周八','990005194504013047','周八','990005194504013047',14,2111,'一组','本人','周八','6200000000000000104','1',0,1,SYSTIMESTAMP,0);
INSERT INTO YKT_BENEFICIARY (ID,HOUSEHOLD_CODE,HEAD_NAME,HEAD_ID_CARD,NAME,ID_CARD,TOWN_ID,VILLAGE_ID,GROUP_NAME,GENDER,RELATION,ACCOUNT_NAME,BANK_ACCOUNT,STATUS,REFERRED,TENANT_ID,CREATE_TIME,DELETED)
VALUES (4105,'023300','吴九','990005193602180012','吴九','990005193602180012',14,2108,'一组','男','本人','吴九','6200000000000000105','1',0,1,SYSTIMESTAMP,0);
INSERT INTO YKT_BENEFICIARY (ID,HOUSEHOLD_CODE,HEAD_NAME,HEAD_ID_CARD,NAME,ID_CARD,TOWN_ID,VILLAGE_ID,GROUP_NAME,RELATION,ACCOUNT_NAME,BANK_ACCOUNT,STATUS,REFERRED,TENANT_ID,CREATE_TIME,DELETED)
VALUES (4106,'1234567','郑十','990005196809093016','冯十一','990005199008103038',14,2101,'一社','儿子','冯十一','6200000000000000106','1',0,1,SYSTIMESTAMP,0);

-- ============ 国标「51项」补贴项目目录（55 项） ============
INSERT INTO YKT_STD_ITEM (CODE, ITEM_NAME, SHORT_NAME, SORT_NO) VALUES ('2080502', '高龄津贴', '高龄津贴', 1);
INSERT INTO YKT_STD_ITEM (CODE, ITEM_NAME, SHORT_NAME, SORT_NO) VALUES ('2080702', '职业培训补贴（发放至符合条件的个人）', '职业培训补贴', 2);
INSERT INTO YKT_STD_ITEM (CODE, ITEM_NAME, SHORT_NAME, SORT_NO) VALUES ('2080704', '灵活就业人员社会保险补贴', '灵活就业保险补', 3);
INSERT INTO YKT_STD_ITEM (CODE, ITEM_NAME, SHORT_NAME, SORT_NO) VALUES ('2080705', '公益性岗位（乡村公益性岗位）', '乡村公益性岗位', 4);
INSERT INTO YKT_STD_ITEM (CODE, ITEM_NAME, SHORT_NAME, SORT_NO) VALUES ('2080709', '职业技能评价补贴', '职业技能评价补', 5);
INSERT INTO YKT_STD_ITEM (CODE, ITEM_NAME, SHORT_NAME, SORT_NO) VALUES ('2080713', '一次性创业补贴', '一次性创业补贴', 6);
INSERT INTO YKT_STD_ITEM (CODE, ITEM_NAME, SHORT_NAME, SORT_NO) VALUES ('2080714', '一次性求职补贴', '一次性求职补贴', 7);
INSERT INTO YKT_STD_ITEM (CODE, ITEM_NAME, SHORT_NAME, SORT_NO) VALUES ('2080801', '精减退职职工救济费', '精减退职救济费', 8);
INSERT INTO YKT_STD_ITEM (CODE, ITEM_NAME, SHORT_NAME, SORT_NO) VALUES ('2081001', '经济困难老年人的养老服务补贴', '困难老人服务补', 9);
INSERT INTO YKT_STD_ITEM (CODE, ITEM_NAME, SHORT_NAME, SORT_NO) VALUES ('2081002', '经认定生活不能自理经济困难老年人的护理补贴', '困难老人护理补', 10);
INSERT INTO YKT_STD_ITEM (CODE, ITEM_NAME, SHORT_NAME, SORT_NO) VALUES ('2081107', '困难残疾人生活补贴', '残疾人生活补贴', 11);
INSERT INTO YKT_STD_ITEM (CODE, ITEM_NAME, SHORT_NAME, SORT_NO) VALUES ('2081108', '重度残疾人护理补贴', '残疾人护理补贴', 12);
INSERT INTO YKT_STD_ITEM (CODE, ITEM_NAME, SHORT_NAME, SORT_NO) VALUES ('2081110', '残疾人机动轮椅车燃油补贴', '残疾人燃油补贴', 13);
INSERT INTO YKT_STD_ITEM (CODE, ITEM_NAME, SHORT_NAME, SORT_NO) VALUES ('2081901', '城市居民最低生活保障金', '城市低保金', 14);
INSERT INTO YKT_STD_ITEM (CODE, ITEM_NAME, SHORT_NAME, SORT_NO) VALUES ('2081902', '农村居民最低生活保障金', '农村低保金', 15);
INSERT INTO YKT_STD_ITEM (CODE, ITEM_NAME, SHORT_NAME, SORT_NO) VALUES ('2081999', '价格临时补贴', '价格临时补贴', 16);
INSERT INTO YKT_STD_ITEM (CODE, ITEM_NAME, SHORT_NAME, SORT_NO) VALUES ('2082001', '临时救助金', '临时救助金', 17);
INSERT INTO YKT_STD_ITEM (CODE, ITEM_NAME, SHORT_NAME, SORT_NO) VALUES ('2082101', '城市分散供养特困人员供养金', '城市特困供养金', 18);
INSERT INTO YKT_STD_ITEM (CODE, ITEM_NAME, SHORT_NAME, SORT_NO) VALUES ('2082102', '农村分散供养特困人员供养金', '农村特困供养金', 19);
INSERT INTO YKT_STD_ITEM (CODE, ITEM_NAME, SHORT_NAME, SORT_NO) VALUES ('2082501', '孤儿基本生活费（艾滋病病毒感染儿童基本生活费）', '孤儿生活费', 20);
INSERT INTO YKT_STD_ITEM (CODE, ITEM_NAME, SHORT_NAME, SORT_NO) VALUES ('2082502', '事实无人抚养儿童基本生活补贴', '无人抚养儿童补', 21);
INSERT INTO YKT_STD_ITEM (CODE, ITEM_NAME, SHORT_NAME, SORT_NO) VALUES ('2082503', '边民补助', '边民补助', 22);
INSERT INTO YKT_STD_ITEM (CODE, ITEM_NAME, SHORT_NAME, SORT_NO) VALUES ('2089999', '护边员补助', '护边员补助', 23);
INSERT INTO YKT_STD_ITEM (CODE, ITEM_NAME, SHORT_NAME, SORT_NO) VALUES ('2100701', '农村部分计划生育家庭奖励扶助', '农村计生奖扶', 24);
INSERT INTO YKT_STD_ITEM (CODE, ITEM_NAME, SHORT_NAME, SORT_NO) VALUES ('2100702', '计划生育特殊困难家庭（住院护理）补助', '计生特困住院补', 25);
INSERT INTO YKT_STD_ITEM (CODE, ITEM_NAME, SHORT_NAME, SORT_NO) VALUES ('2100705', '计划生育家庭特别扶助', '计划生育特扶', 26);
INSERT INTO YKT_STD_ITEM (CODE, ITEM_NAME, SHORT_NAME, SORT_NO) VALUES ('2100706', '失独家庭一次性补助', '失独家庭补助', 27);
INSERT INTO YKT_STD_ITEM (CODE, ITEM_NAME, SHORT_NAME, SORT_NO) VALUES ('2100707', '计划生育特困家庭救助', '计生特困救助', 28);
INSERT INTO YKT_STD_ITEM (CODE, ITEM_NAME, SHORT_NAME, SORT_NO) VALUES ('2110401', '生态护林员补助', '生态护林员补助', 29);
INSERT INTO YKT_STD_ITEM (CODE, ITEM_NAME, SHORT_NAME, SORT_NO) VALUES ('2110501', '非国有林生态保护补偿（到人到户）', '非国有林补偿', 30);
INSERT INTO YKT_STD_ITEM (CODE, ITEM_NAME, SHORT_NAME, SORT_NO) VALUES ('2130101', '农业机械报废更新补贴', '农业机械报废更新补贴', 31);
INSERT INTO YKT_STD_ITEM (CODE, ITEM_NAME, SHORT_NAME, SORT_NO) VALUES ('2130108', '强制扑杀补助', '强制扑杀补助', 32);
INSERT INTO YKT_STD_ITEM (CODE, ITEM_NAME, SHORT_NAME, SORT_NO) VALUES ('2130109', '动物防疫基层工作人员补助(村级防疫员防疫注射补助)', '防疫人员补助', 33);
INSERT INTO YKT_STD_ITEM (CODE, ITEM_NAME, SHORT_NAME, SORT_NO) VALUES ('2130122', '耕地地力保护补贴', '耕地地力补贴', 34);
INSERT INTO YKT_STD_ITEM (CODE, ITEM_NAME, SHORT_NAME, SORT_NO) VALUES ('2130123', '农机购置与应用补贴', '农机购置补贴', 35);
INSERT INTO YKT_STD_ITEM (CODE, ITEM_NAME, SHORT_NAME, SORT_NO) VALUES ('2130124', '大豆玉米带状复合种植补助', '大豆玉米种植补', 36);
INSERT INTO YKT_STD_ITEM (CODE, ITEM_NAME, SHORT_NAME, SORT_NO) VALUES ('2130125', '小麦“一喷三防”补助', '小麦喷防补助', 37);
INSERT INTO YKT_STD_ITEM (CODE, ITEM_NAME, SHORT_NAME, SORT_NO) VALUES ('2130127', '农业社会化服务补助', '农业社会化补助', 38);
INSERT INTO YKT_STD_ITEM (CODE, ITEM_NAME, SHORT_NAME, SORT_NO) VALUES ('2130135', '草原生态保护补助奖励', '草原生态奖补', 39);
INSERT INTO YKT_STD_ITEM (CODE, ITEM_NAME, SHORT_NAME, SORT_NO) VALUES ('2130153', '耕地轮作休耕补助', '耕地轮作补助', 40);
INSERT INTO YKT_STD_ITEM (CODE, ITEM_NAME, SHORT_NAME, SORT_NO) VALUES ('2130201', '新一轮退耕还林还草延长期补助', '新一轮退耕还林还草延长期补助', 41);
INSERT INTO YKT_STD_ITEM (CODE, ITEM_NAME, SHORT_NAME, SORT_NO) VALUES ('2130205', '上一轮政策到期退耕还生态林抚育', '上一轮政策到期退耕还生态林抚育', 42);
INSERT INTO YKT_STD_ITEM (CODE, ITEM_NAME, SHORT_NAME, SORT_NO) VALUES ('2130238', '巩固退耕还林成果补助', '退耕还林补助', 43);
INSERT INTO YKT_STD_ITEM (CODE, ITEM_NAME, SHORT_NAME, SORT_NO) VALUES ('2130321', '大中型水库移民后期扶持补助', '水库移民补助', 44);
INSERT INTO YKT_STD_ITEM (CODE, ITEM_NAME, SHORT_NAME, SORT_NO) VALUES ('2130501', '脱贫人口跨省就业交通补贴', '跨省交通补助', 45);
INSERT INTO YKT_STD_ITEM (CODE, ITEM_NAME, SHORT_NAME, SORT_NO) VALUES ('2130502', '农村“厕所革命”奖补', '农村“厕所革命”奖补', 46);
INSERT INTO YKT_STD_ITEM (CODE, ITEM_NAME, SHORT_NAME, SORT_NO) VALUES ('2130503', '脱贫人口省内县外就业交通补贴', '省内交通补助', 47);
INSERT INTO YKT_STD_ITEM (CODE, ITEM_NAME, SHORT_NAME, SORT_NO) VALUES ('2130506', '雨露计划', '雨露计划', 48);
INSERT INTO YKT_STD_ITEM (CODE, ITEM_NAME, SHORT_NAME, SORT_NO) VALUES ('2130701', '村干部基本报酬(财政保障部分)', '村干部基本报酬', 49);
INSERT INTO YKT_STD_ITEM (CODE, ITEM_NAME, SHORT_NAME, SORT_NO) VALUES ('2210105', '农村危房改造补助资金', '危房改造补助', 50);
INSERT INTO YKT_STD_ITEM (CODE, ITEM_NAME, SHORT_NAME, SORT_NO) VALUES ('2210199', '公共租赁住房租赁补贴', '公共租赁住房补', 51);
INSERT INTO YKT_STD_ITEM (CODE, ITEM_NAME, SHORT_NAME, SORT_NO) VALUES ('2240701', '冬春临时生活困难救助', '冬春生活救助', 52);
INSERT INTO YKT_STD_ITEM (CODE, ITEM_NAME, SHORT_NAME, SORT_NO) VALUES ('2240703', '受灾群众生活救助补助', '受灾群众补助', 53);
INSERT INTO YKT_STD_ITEM (CODE, ITEM_NAME, SHORT_NAME, SORT_NO) VALUES ('2296001', '“福彩圆梦·孤儿助学工程”补助', '福彩孤儿助学补', 54);
INSERT INTO YKT_STD_ITEM (CODE, ITEM_NAME, SHORT_NAME, SORT_NO) VALUES ('2296002', '“福彩圆梦·事实无人抚养儿童助学工程”补助', '福彩无人抚养补', 55);

-- ============ 财政端 4 张统计表菜单（授角色 2） ============
INSERT INTO SYS_MENU (ID,PARENT_ID,MENU_CODE,MENU_NAME,MENU_TYPE,PATH,SORT_NO,VISIBLE) VALUES (706,7,'report','分项目发放情况统计表','C','/report/project-stat',45,1);
INSERT INTO SYS_MENU (ID,PARENT_ID,MENU_CODE,MENU_NAME,MENU_TYPE,PATH,SORT_NO,VISIBLE) VALUES (707,7,'report','分县区发放情况统计表','C','/report/county-stat',46,1);
INSERT INTO SYS_MENU (ID,PARENT_ID,MENU_CODE,MENU_NAME,MENU_TYPE,PATH,SORT_NO,VISIBLE) VALUES (708,7,'report','51项补贴项目发放表','C','/report/std51',47,1);
INSERT INTO SYS_MENU (ID,PARENT_ID,MENU_CODE,MENU_NAME,MENU_TYPE,PATH,SORT_NO,VISIBLE) VALUES (709,7,'report','补贴项目发放表(自设项目)','C','/report/self-project',48,1);
INSERT INTO SYS_ROLE_MENU (ID,ROLE_ID,MENU_ID) VALUES (401,2,706);
INSERT INTO SYS_ROLE_MENU (ID,ROLE_ID,MENU_ID) VALUES (402,2,707);
INSERT INTO SYS_ROLE_MENU (ID,ROLE_ID,MENU_ID) VALUES (403,2,708);
INSERT INTO SYS_ROLE_MENU (ID,ROLE_ID,MENU_ID) VALUES (404,2,709);

-- ============ 补贴录入菜单树：55 项按前 5 位科目分 21 大项（授角色 2） ============
INSERT INTO SYS_MENU (ID,PARENT_ID,MENU_CODE,MENU_NAME,MENU_TYPE,PATH,SORT_NO,VISIBLE) VALUES (20805,0,'entry','20805-养老支出','M',NULL,61,1);
INSERT INTO SYS_MENU (ID,PARENT_ID,MENU_CODE,MENU_NAME,MENU_TYPE,PATH,SORT_NO,VISIBLE) VALUES (20807,0,'entry','20807-就业补贴','M',NULL,62,1);
INSERT INTO SYS_MENU (ID,PARENT_ID,MENU_CODE,MENU_NAME,MENU_TYPE,PATH,SORT_NO,VISIBLE) VALUES (20808,0,'entry','20808-优抚支出','M',NULL,63,1);
INSERT INTO SYS_MENU (ID,PARENT_ID,MENU_CODE,MENU_NAME,MENU_TYPE,PATH,SORT_NO,VISIBLE) VALUES (20810,0,'entry','20810-社会福利','M',NULL,64,1);
INSERT INTO SYS_MENU (ID,PARENT_ID,MENU_CODE,MENU_NAME,MENU_TYPE,PATH,SORT_NO,VISIBLE) VALUES (20811,0,'entry','20811-残疾人补贴','M',NULL,65,1);
INSERT INTO SYS_MENU (ID,PARENT_ID,MENU_CODE,MENU_NAME,MENU_TYPE,PATH,SORT_NO,VISIBLE) VALUES (20819,0,'entry','20819-最低生活保障','M',NULL,66,1);
INSERT INTO SYS_MENU (ID,PARENT_ID,MENU_CODE,MENU_NAME,MENU_TYPE,PATH,SORT_NO,VISIBLE) VALUES (20820,0,'entry','20820-临时救助','M',NULL,67,1);
INSERT INTO SYS_MENU (ID,PARENT_ID,MENU_CODE,MENU_NAME,MENU_TYPE,PATH,SORT_NO,VISIBLE) VALUES (20821,0,'entry','20821-特困人员救助供养','M',NULL,68,1);
INSERT INTO SYS_MENU (ID,PARENT_ID,MENU_CODE,MENU_NAME,MENU_TYPE,PATH,SORT_NO,VISIBLE) VALUES (20825,0,'entry','20825-其他生活救助','M',NULL,69,1);
INSERT INTO SYS_MENU (ID,PARENT_ID,MENU_CODE,MENU_NAME,MENU_TYPE,PATH,SORT_NO,VISIBLE) VALUES (20899,0,'entry','20899-其他社会保障和就业支出','M',NULL,70,1);
INSERT INTO SYS_MENU (ID,PARENT_ID,MENU_CODE,MENU_NAME,MENU_TYPE,PATH,SORT_NO,VISIBLE) VALUES (21007,0,'entry','21007-计划生育家庭奖励扶助','M',NULL,71,1);
INSERT INTO SYS_MENU (ID,PARENT_ID,MENU_CODE,MENU_NAME,MENU_TYPE,PATH,SORT_NO,VISIBLE) VALUES (21104,0,'entry','21104-自然生态保护','M',NULL,72,1);
INSERT INTO SYS_MENU (ID,PARENT_ID,MENU_CODE,MENU_NAME,MENU_TYPE,PATH,SORT_NO,VISIBLE) VALUES (21105,0,'entry','21105-天然林保护','M',NULL,73,1);
INSERT INTO SYS_MENU (ID,PARENT_ID,MENU_CODE,MENU_NAME,MENU_TYPE,PATH,SORT_NO,VISIBLE) VALUES (21301,0,'entry','21301-农业生产发展','M',NULL,74,1);
INSERT INTO SYS_MENU (ID,PARENT_ID,MENU_CODE,MENU_NAME,MENU_TYPE,PATH,SORT_NO,VISIBLE) VALUES (21302,0,'entry','21302-林业和草原','M',NULL,75,1);
INSERT INTO SYS_MENU (ID,PARENT_ID,MENU_CODE,MENU_NAME,MENU_TYPE,PATH,SORT_NO,VISIBLE) VALUES (21303,0,'entry','21303-水利','M',NULL,76,1);
INSERT INTO SYS_MENU (ID,PARENT_ID,MENU_CODE,MENU_NAME,MENU_TYPE,PATH,SORT_NO,VISIBLE) VALUES (21305,0,'entry','21305-扶贫','M',NULL,77,1);
INSERT INTO SYS_MENU (ID,PARENT_ID,MENU_CODE,MENU_NAME,MENU_TYPE,PATH,SORT_NO,VISIBLE) VALUES (21307,0,'entry','21307-农村综改','M',NULL,78,1);
INSERT INTO SYS_MENU (ID,PARENT_ID,MENU_CODE,MENU_NAME,MENU_TYPE,PATH,SORT_NO,VISIBLE) VALUES (22101,0,'entry','22101-住房保障','M',NULL,79,1);
INSERT INTO SYS_MENU (ID,PARENT_ID,MENU_CODE,MENU_NAME,MENU_TYPE,PATH,SORT_NO,VISIBLE) VALUES (22407,0,'entry','22407-自然灾害救灾','M',NULL,80,1);
INSERT INTO SYS_MENU (ID,PARENT_ID,MENU_CODE,MENU_NAME,MENU_TYPE,PATH,SORT_NO,VISIBLE) VALUES (22960,0,'entry','22960-彩票公益金安排的支出','M',NULL,81,1);
INSERT INTO SYS_MENU (ID,PARENT_ID,MENU_CODE,MENU_NAME,MENU_TYPE,PATH,SORT_NO,VISIBLE) VALUES (2080502,20805,'entry','2080502-高龄津贴','C','/entry/2080502',2080502,1);
INSERT INTO SYS_MENU (ID,PARENT_ID,MENU_CODE,MENU_NAME,MENU_TYPE,PATH,SORT_NO,VISIBLE) VALUES (2080702,20807,'entry','2080702-职业培训补贴（发放至符合条件的个人）','C','/entry/2080702',2080702,1);
INSERT INTO SYS_MENU (ID,PARENT_ID,MENU_CODE,MENU_NAME,MENU_TYPE,PATH,SORT_NO,VISIBLE) VALUES (2080704,20807,'entry','2080704-灵活就业人员社会保险补贴','C','/entry/2080704',2080704,1);
INSERT INTO SYS_MENU (ID,PARENT_ID,MENU_CODE,MENU_NAME,MENU_TYPE,PATH,SORT_NO,VISIBLE) VALUES (2080705,20807,'entry','2080705-公益性岗位（乡村公益性岗位）','C','/entry/2080705',2080705,1);
INSERT INTO SYS_MENU (ID,PARENT_ID,MENU_CODE,MENU_NAME,MENU_TYPE,PATH,SORT_NO,VISIBLE) VALUES (2080709,20807,'entry','2080709-职业技能评价补贴','C','/entry/2080709',2080709,1);
INSERT INTO SYS_MENU (ID,PARENT_ID,MENU_CODE,MENU_NAME,MENU_TYPE,PATH,SORT_NO,VISIBLE) VALUES (2080713,20807,'entry','2080713-一次性创业补贴','C','/entry/2080713',2080713,1);
INSERT INTO SYS_MENU (ID,PARENT_ID,MENU_CODE,MENU_NAME,MENU_TYPE,PATH,SORT_NO,VISIBLE) VALUES (2080714,20807,'entry','2080714-一次性求职补贴','C','/entry/2080714',2080714,1);
INSERT INTO SYS_MENU (ID,PARENT_ID,MENU_CODE,MENU_NAME,MENU_TYPE,PATH,SORT_NO,VISIBLE) VALUES (2080801,20808,'entry','2080801-精减退职职工救济费','C','/entry/2080801',2080801,1);
INSERT INTO SYS_MENU (ID,PARENT_ID,MENU_CODE,MENU_NAME,MENU_TYPE,PATH,SORT_NO,VISIBLE) VALUES (2081001,20810,'entry','2081001-经济困难老年人的养老服务补贴','C','/entry/2081001',2081001,1);
INSERT INTO SYS_MENU (ID,PARENT_ID,MENU_CODE,MENU_NAME,MENU_TYPE,PATH,SORT_NO,VISIBLE) VALUES (2081002,20810,'entry','2081002-经认定生活不能自理经济困难老年人的护理补贴','C','/entry/2081002',2081002,1);
INSERT INTO SYS_MENU (ID,PARENT_ID,MENU_CODE,MENU_NAME,MENU_TYPE,PATH,SORT_NO,VISIBLE) VALUES (2081107,20811,'entry','2081107-困难残疾人生活补贴','C','/entry/2081107',2081107,1);
INSERT INTO SYS_MENU (ID,PARENT_ID,MENU_CODE,MENU_NAME,MENU_TYPE,PATH,SORT_NO,VISIBLE) VALUES (2081108,20811,'entry','2081108-重度残疾人护理补贴','C','/entry/2081108',2081108,1);
INSERT INTO SYS_MENU (ID,PARENT_ID,MENU_CODE,MENU_NAME,MENU_TYPE,PATH,SORT_NO,VISIBLE) VALUES (2081110,20811,'entry','2081110-残疾人机动轮椅车燃油补贴','C','/entry/2081110',2081110,1);
INSERT INTO SYS_MENU (ID,PARENT_ID,MENU_CODE,MENU_NAME,MENU_TYPE,PATH,SORT_NO,VISIBLE) VALUES (2081901,20819,'entry','2081901-城市居民最低生活保障金','C','/entry/2081901',2081901,1);
INSERT INTO SYS_MENU (ID,PARENT_ID,MENU_CODE,MENU_NAME,MENU_TYPE,PATH,SORT_NO,VISIBLE) VALUES (2081902,20819,'entry','2081902-农村居民最低生活保障金','C','/entry/2081902',2081902,1);
INSERT INTO SYS_MENU (ID,PARENT_ID,MENU_CODE,MENU_NAME,MENU_TYPE,PATH,SORT_NO,VISIBLE) VALUES (2081999,20819,'entry','2081999-价格临时补贴','C','/entry/2081999',2081999,1);
INSERT INTO SYS_MENU (ID,PARENT_ID,MENU_CODE,MENU_NAME,MENU_TYPE,PATH,SORT_NO,VISIBLE) VALUES (2082001,20820,'entry','2082001-临时救助金','C','/entry/2082001',2082001,1);
INSERT INTO SYS_MENU (ID,PARENT_ID,MENU_CODE,MENU_NAME,MENU_TYPE,PATH,SORT_NO,VISIBLE) VALUES (2082101,20821,'entry','2082101-城市分散供养特困人员供养金','C','/entry/2082101',2082101,1);
INSERT INTO SYS_MENU (ID,PARENT_ID,MENU_CODE,MENU_NAME,MENU_TYPE,PATH,SORT_NO,VISIBLE) VALUES (2082102,20821,'entry','2082102-农村分散供养特困人员供养金','C','/entry/2082102',2082102,1);
INSERT INTO SYS_MENU (ID,PARENT_ID,MENU_CODE,MENU_NAME,MENU_TYPE,PATH,SORT_NO,VISIBLE) VALUES (2082501,20825,'entry','2082501-孤儿基本生活费（艾滋病病毒感染儿童基本生活费）','C','/entry/2082501',2082501,1);
INSERT INTO SYS_MENU (ID,PARENT_ID,MENU_CODE,MENU_NAME,MENU_TYPE,PATH,SORT_NO,VISIBLE) VALUES (2082502,20825,'entry','2082502-事实无人抚养儿童基本生活补贴','C','/entry/2082502',2082502,1);
INSERT INTO SYS_MENU (ID,PARENT_ID,MENU_CODE,MENU_NAME,MENU_TYPE,PATH,SORT_NO,VISIBLE) VALUES (2082503,20825,'entry','2082503-边民补助','C','/entry/2082503',2082503,1);
INSERT INTO SYS_MENU (ID,PARENT_ID,MENU_CODE,MENU_NAME,MENU_TYPE,PATH,SORT_NO,VISIBLE) VALUES (2089999,20899,'entry','2089999-护边员补助','C','/entry/2089999',2089999,1);
INSERT INTO SYS_MENU (ID,PARENT_ID,MENU_CODE,MENU_NAME,MENU_TYPE,PATH,SORT_NO,VISIBLE) VALUES (2100701,21007,'entry','2100701-农村部分计划生育家庭奖励扶助','C','/entry/2100701',2100701,1);
INSERT INTO SYS_MENU (ID,PARENT_ID,MENU_CODE,MENU_NAME,MENU_TYPE,PATH,SORT_NO,VISIBLE) VALUES (2100702,21007,'entry','2100702-计划生育特殊困难家庭（住院护理）补助','C','/entry/2100702',2100702,1);
INSERT INTO SYS_MENU (ID,PARENT_ID,MENU_CODE,MENU_NAME,MENU_TYPE,PATH,SORT_NO,VISIBLE) VALUES (2100705,21007,'entry','2100705-计划生育家庭特别扶助','C','/entry/2100705',2100705,1);
INSERT INTO SYS_MENU (ID,PARENT_ID,MENU_CODE,MENU_NAME,MENU_TYPE,PATH,SORT_NO,VISIBLE) VALUES (2100706,21007,'entry','2100706-失独家庭一次性补助','C','/entry/2100706',2100706,1);
INSERT INTO SYS_MENU (ID,PARENT_ID,MENU_CODE,MENU_NAME,MENU_TYPE,PATH,SORT_NO,VISIBLE) VALUES (2100707,21007,'entry','2100707-计划生育特困家庭救助','C','/entry/2100707',2100707,1);
INSERT INTO SYS_MENU (ID,PARENT_ID,MENU_CODE,MENU_NAME,MENU_TYPE,PATH,SORT_NO,VISIBLE) VALUES (2110401,21104,'entry','2110401-生态护林员补助','C','/entry/2110401',2110401,1);
INSERT INTO SYS_MENU (ID,PARENT_ID,MENU_CODE,MENU_NAME,MENU_TYPE,PATH,SORT_NO,VISIBLE) VALUES (2110501,21105,'entry','2110501-非国有林生态保护补偿（到人到户）','C','/entry/2110501',2110501,1);
INSERT INTO SYS_MENU (ID,PARENT_ID,MENU_CODE,MENU_NAME,MENU_TYPE,PATH,SORT_NO,VISIBLE) VALUES (2130101,21301,'entry','2130101-农业机械报废更新补贴','C','/entry/2130101',2130101,1);
INSERT INTO SYS_MENU (ID,PARENT_ID,MENU_CODE,MENU_NAME,MENU_TYPE,PATH,SORT_NO,VISIBLE) VALUES (2130108,21301,'entry','2130108-强制扑杀补助','C','/entry/2130108',2130108,1);
INSERT INTO SYS_MENU (ID,PARENT_ID,MENU_CODE,MENU_NAME,MENU_TYPE,PATH,SORT_NO,VISIBLE) VALUES (2130109,21301,'entry','2130109-动物防疫基层工作人员补助(村级防疫员防疫注射补助)','C','/entry/2130109',2130109,1);
INSERT INTO SYS_MENU (ID,PARENT_ID,MENU_CODE,MENU_NAME,MENU_TYPE,PATH,SORT_NO,VISIBLE) VALUES (2130122,21301,'entry','2130122-耕地地力保护补贴','C','/entry/2130122',2130122,1);
INSERT INTO SYS_MENU (ID,PARENT_ID,MENU_CODE,MENU_NAME,MENU_TYPE,PATH,SORT_NO,VISIBLE) VALUES (2130123,21301,'entry','2130123-农机购置与应用补贴','C','/entry/2130123',2130123,1);
INSERT INTO SYS_MENU (ID,PARENT_ID,MENU_CODE,MENU_NAME,MENU_TYPE,PATH,SORT_NO,VISIBLE) VALUES (2130124,21301,'entry','2130124-大豆玉米带状复合种植补助','C','/entry/2130124',2130124,1);
INSERT INTO SYS_MENU (ID,PARENT_ID,MENU_CODE,MENU_NAME,MENU_TYPE,PATH,SORT_NO,VISIBLE) VALUES (2130125,21301,'entry','2130125-小麦“一喷三防”补助','C','/entry/2130125',2130125,1);
INSERT INTO SYS_MENU (ID,PARENT_ID,MENU_CODE,MENU_NAME,MENU_TYPE,PATH,SORT_NO,VISIBLE) VALUES (2130127,21301,'entry','2130127-农业社会化服务补助','C','/entry/2130127',2130127,1);
INSERT INTO SYS_MENU (ID,PARENT_ID,MENU_CODE,MENU_NAME,MENU_TYPE,PATH,SORT_NO,VISIBLE) VALUES (2130135,21301,'entry','2130135-草原生态保护补助奖励','C','/entry/2130135',2130135,1);
INSERT INTO SYS_MENU (ID,PARENT_ID,MENU_CODE,MENU_NAME,MENU_TYPE,PATH,SORT_NO,VISIBLE) VALUES (2130153,21301,'entry','2130153-耕地轮作休耕补助','C','/entry/2130153',2130153,1);
INSERT INTO SYS_MENU (ID,PARENT_ID,MENU_CODE,MENU_NAME,MENU_TYPE,PATH,SORT_NO,VISIBLE) VALUES (2130201,21302,'entry','2130201-新一轮退耕还林还草延长期补助','C','/entry/2130201',2130201,1);
INSERT INTO SYS_MENU (ID,PARENT_ID,MENU_CODE,MENU_NAME,MENU_TYPE,PATH,SORT_NO,VISIBLE) VALUES (2130205,21302,'entry','2130205-上一轮政策到期退耕还生态林抚育','C','/entry/2130205',2130205,1);
INSERT INTO SYS_MENU (ID,PARENT_ID,MENU_CODE,MENU_NAME,MENU_TYPE,PATH,SORT_NO,VISIBLE) VALUES (2130238,21302,'entry','2130238-巩固退耕还林成果补助','C','/entry/2130238',2130238,1);
INSERT INTO SYS_MENU (ID,PARENT_ID,MENU_CODE,MENU_NAME,MENU_TYPE,PATH,SORT_NO,VISIBLE) VALUES (2130321,21303,'entry','2130321-大中型水库移民后期扶持补助','C','/entry/2130321',2130321,1);
INSERT INTO SYS_MENU (ID,PARENT_ID,MENU_CODE,MENU_NAME,MENU_TYPE,PATH,SORT_NO,VISIBLE) VALUES (2130501,21305,'entry','2130501-脱贫人口跨省就业交通补贴','C','/entry/2130501',2130501,1);
INSERT INTO SYS_MENU (ID,PARENT_ID,MENU_CODE,MENU_NAME,MENU_TYPE,PATH,SORT_NO,VISIBLE) VALUES (2130502,21305,'entry','2130502-农村“厕所革命”奖补','C','/entry/2130502',2130502,1);
INSERT INTO SYS_MENU (ID,PARENT_ID,MENU_CODE,MENU_NAME,MENU_TYPE,PATH,SORT_NO,VISIBLE) VALUES (2130503,21305,'entry','2130503-脱贫人口省内县外就业交通补贴','C','/entry/2130503',2130503,1);
INSERT INTO SYS_MENU (ID,PARENT_ID,MENU_CODE,MENU_NAME,MENU_TYPE,PATH,SORT_NO,VISIBLE) VALUES (2130506,21305,'entry','2130506-雨露计划','C','/entry/2130506',2130506,1);
INSERT INTO SYS_MENU (ID,PARENT_ID,MENU_CODE,MENU_NAME,MENU_TYPE,PATH,SORT_NO,VISIBLE) VALUES (2130701,21307,'entry','2130701-村干部基本报酬(财政保障部分)','C','/entry/2130701',2130701,1);
INSERT INTO SYS_MENU (ID,PARENT_ID,MENU_CODE,MENU_NAME,MENU_TYPE,PATH,SORT_NO,VISIBLE) VALUES (2210105,22101,'entry','2210105-农村危房改造补助资金','C','/entry/2210105',2210105,1);
INSERT INTO SYS_MENU (ID,PARENT_ID,MENU_CODE,MENU_NAME,MENU_TYPE,PATH,SORT_NO,VISIBLE) VALUES (2210199,22101,'entry','2210199-公共租赁住房租赁补贴','C','/entry/2210199',2210199,1);
INSERT INTO SYS_MENU (ID,PARENT_ID,MENU_CODE,MENU_NAME,MENU_TYPE,PATH,SORT_NO,VISIBLE) VALUES (2240701,22407,'entry','2240701-冬春临时生活困难救助','C','/entry/2240701',2240701,1);
INSERT INTO SYS_MENU (ID,PARENT_ID,MENU_CODE,MENU_NAME,MENU_TYPE,PATH,SORT_NO,VISIBLE) VALUES (2240703,22407,'entry','2240703-受灾群众生活救助补助','C','/entry/2240703',2240703,1);
INSERT INTO SYS_MENU (ID,PARENT_ID,MENU_CODE,MENU_NAME,MENU_TYPE,PATH,SORT_NO,VISIBLE) VALUES (2296001,22960,'entry','2296001-“福彩圆梦·孤儿助学工程”补助','C','/entry/2296001',2296001,1);
INSERT INTO SYS_MENU (ID,PARENT_ID,MENU_CODE,MENU_NAME,MENU_TYPE,PATH,SORT_NO,VISIBLE) VALUES (2296002,22960,'entry','2296002-“福彩圆梦·事实无人抚养儿童助学工程”补助','C','/entry/2296002',2296002,1);
INSERT INTO SYS_ROLE_MENU (ID,ROLE_ID,MENU_ID) VALUES (405,2,20805);
INSERT INTO SYS_ROLE_MENU (ID,ROLE_ID,MENU_ID) VALUES (406,2,20807);
INSERT INTO SYS_ROLE_MENU (ID,ROLE_ID,MENU_ID) VALUES (407,2,20808);
INSERT INTO SYS_ROLE_MENU (ID,ROLE_ID,MENU_ID) VALUES (408,2,20810);
INSERT INTO SYS_ROLE_MENU (ID,ROLE_ID,MENU_ID) VALUES (409,2,20811);
INSERT INTO SYS_ROLE_MENU (ID,ROLE_ID,MENU_ID) VALUES (410,2,20819);
INSERT INTO SYS_ROLE_MENU (ID,ROLE_ID,MENU_ID) VALUES (411,2,20820);
INSERT INTO SYS_ROLE_MENU (ID,ROLE_ID,MENU_ID) VALUES (412,2,20821);
INSERT INTO SYS_ROLE_MENU (ID,ROLE_ID,MENU_ID) VALUES (413,2,20825);
INSERT INTO SYS_ROLE_MENU (ID,ROLE_ID,MENU_ID) VALUES (414,2,20899);
INSERT INTO SYS_ROLE_MENU (ID,ROLE_ID,MENU_ID) VALUES (415,2,21007);
INSERT INTO SYS_ROLE_MENU (ID,ROLE_ID,MENU_ID) VALUES (416,2,21104);
INSERT INTO SYS_ROLE_MENU (ID,ROLE_ID,MENU_ID) VALUES (417,2,21105);
INSERT INTO SYS_ROLE_MENU (ID,ROLE_ID,MENU_ID) VALUES (418,2,21301);
INSERT INTO SYS_ROLE_MENU (ID,ROLE_ID,MENU_ID) VALUES (419,2,21302);
INSERT INTO SYS_ROLE_MENU (ID,ROLE_ID,MENU_ID) VALUES (420,2,21303);
INSERT INTO SYS_ROLE_MENU (ID,ROLE_ID,MENU_ID) VALUES (421,2,21305);
INSERT INTO SYS_ROLE_MENU (ID,ROLE_ID,MENU_ID) VALUES (422,2,21307);
INSERT INTO SYS_ROLE_MENU (ID,ROLE_ID,MENU_ID) VALUES (423,2,22101);
INSERT INTO SYS_ROLE_MENU (ID,ROLE_ID,MENU_ID) VALUES (424,2,22407);
INSERT INTO SYS_ROLE_MENU (ID,ROLE_ID,MENU_ID) VALUES (425,2,22960);
INSERT INTO SYS_ROLE_MENU (ID,ROLE_ID,MENU_ID) VALUES (426,2,2080502);
INSERT INTO SYS_ROLE_MENU (ID,ROLE_ID,MENU_ID) VALUES (427,2,2080702);
INSERT INTO SYS_ROLE_MENU (ID,ROLE_ID,MENU_ID) VALUES (428,2,2080704);
INSERT INTO SYS_ROLE_MENU (ID,ROLE_ID,MENU_ID) VALUES (429,2,2080705);
INSERT INTO SYS_ROLE_MENU (ID,ROLE_ID,MENU_ID) VALUES (430,2,2080709);
INSERT INTO SYS_ROLE_MENU (ID,ROLE_ID,MENU_ID) VALUES (431,2,2080713);
INSERT INTO SYS_ROLE_MENU (ID,ROLE_ID,MENU_ID) VALUES (432,2,2080714);
INSERT INTO SYS_ROLE_MENU (ID,ROLE_ID,MENU_ID) VALUES (433,2,2080801);
INSERT INTO SYS_ROLE_MENU (ID,ROLE_ID,MENU_ID) VALUES (434,2,2081001);
INSERT INTO SYS_ROLE_MENU (ID,ROLE_ID,MENU_ID) VALUES (435,2,2081002);
INSERT INTO SYS_ROLE_MENU (ID,ROLE_ID,MENU_ID) VALUES (436,2,2081107);
INSERT INTO SYS_ROLE_MENU (ID,ROLE_ID,MENU_ID) VALUES (437,2,2081108);
INSERT INTO SYS_ROLE_MENU (ID,ROLE_ID,MENU_ID) VALUES (438,2,2081110);
INSERT INTO SYS_ROLE_MENU (ID,ROLE_ID,MENU_ID) VALUES (439,2,2081901);
INSERT INTO SYS_ROLE_MENU (ID,ROLE_ID,MENU_ID) VALUES (440,2,2081902);
INSERT INTO SYS_ROLE_MENU (ID,ROLE_ID,MENU_ID) VALUES (441,2,2081999);
INSERT INTO SYS_ROLE_MENU (ID,ROLE_ID,MENU_ID) VALUES (442,2,2082001);
INSERT INTO SYS_ROLE_MENU (ID,ROLE_ID,MENU_ID) VALUES (443,2,2082101);
INSERT INTO SYS_ROLE_MENU (ID,ROLE_ID,MENU_ID) VALUES (444,2,2082102);
INSERT INTO SYS_ROLE_MENU (ID,ROLE_ID,MENU_ID) VALUES (445,2,2082501);
INSERT INTO SYS_ROLE_MENU (ID,ROLE_ID,MENU_ID) VALUES (446,2,2082502);
INSERT INTO SYS_ROLE_MENU (ID,ROLE_ID,MENU_ID) VALUES (447,2,2082503);
INSERT INTO SYS_ROLE_MENU (ID,ROLE_ID,MENU_ID) VALUES (448,2,2089999);
INSERT INTO SYS_ROLE_MENU (ID,ROLE_ID,MENU_ID) VALUES (449,2,2100701);
INSERT INTO SYS_ROLE_MENU (ID,ROLE_ID,MENU_ID) VALUES (450,2,2100702);
INSERT INTO SYS_ROLE_MENU (ID,ROLE_ID,MENU_ID) VALUES (451,2,2100705);
INSERT INTO SYS_ROLE_MENU (ID,ROLE_ID,MENU_ID) VALUES (452,2,2100706);
INSERT INTO SYS_ROLE_MENU (ID,ROLE_ID,MENU_ID) VALUES (453,2,2100707);
INSERT INTO SYS_ROLE_MENU (ID,ROLE_ID,MENU_ID) VALUES (454,2,2110401);
INSERT INTO SYS_ROLE_MENU (ID,ROLE_ID,MENU_ID) VALUES (455,2,2110501);
INSERT INTO SYS_ROLE_MENU (ID,ROLE_ID,MENU_ID) VALUES (456,2,2130101);
INSERT INTO SYS_ROLE_MENU (ID,ROLE_ID,MENU_ID) VALUES (457,2,2130108);
INSERT INTO SYS_ROLE_MENU (ID,ROLE_ID,MENU_ID) VALUES (458,2,2130109);
INSERT INTO SYS_ROLE_MENU (ID,ROLE_ID,MENU_ID) VALUES (459,2,2130122);
INSERT INTO SYS_ROLE_MENU (ID,ROLE_ID,MENU_ID) VALUES (460,2,2130123);
INSERT INTO SYS_ROLE_MENU (ID,ROLE_ID,MENU_ID) VALUES (461,2,2130124);
INSERT INTO SYS_ROLE_MENU (ID,ROLE_ID,MENU_ID) VALUES (462,2,2130125);
INSERT INTO SYS_ROLE_MENU (ID,ROLE_ID,MENU_ID) VALUES (463,2,2130127);
INSERT INTO SYS_ROLE_MENU (ID,ROLE_ID,MENU_ID) VALUES (464,2,2130135);
INSERT INTO SYS_ROLE_MENU (ID,ROLE_ID,MENU_ID) VALUES (465,2,2130153);
INSERT INTO SYS_ROLE_MENU (ID,ROLE_ID,MENU_ID) VALUES (466,2,2130201);
INSERT INTO SYS_ROLE_MENU (ID,ROLE_ID,MENU_ID) VALUES (467,2,2130205);
INSERT INTO SYS_ROLE_MENU (ID,ROLE_ID,MENU_ID) VALUES (468,2,2130238);
INSERT INTO SYS_ROLE_MENU (ID,ROLE_ID,MENU_ID) VALUES (469,2,2130321);
INSERT INTO SYS_ROLE_MENU (ID,ROLE_ID,MENU_ID) VALUES (470,2,2130501);
INSERT INTO SYS_ROLE_MENU (ID,ROLE_ID,MENU_ID) VALUES (471,2,2130502);
INSERT INTO SYS_ROLE_MENU (ID,ROLE_ID,MENU_ID) VALUES (472,2,2130503);
INSERT INTO SYS_ROLE_MENU (ID,ROLE_ID,MENU_ID) VALUES (473,2,2130506);
INSERT INTO SYS_ROLE_MENU (ID,ROLE_ID,MENU_ID) VALUES (474,2,2130701);
INSERT INTO SYS_ROLE_MENU (ID,ROLE_ID,MENU_ID) VALUES (475,2,2210105);
INSERT INTO SYS_ROLE_MENU (ID,ROLE_ID,MENU_ID) VALUES (476,2,2210199);
INSERT INTO SYS_ROLE_MENU (ID,ROLE_ID,MENU_ID) VALUES (477,2,2240701);
INSERT INTO SYS_ROLE_MENU (ID,ROLE_ID,MENU_ID) VALUES (478,2,2240703);
INSERT INTO SYS_ROLE_MENU (ID,ROLE_ID,MENU_ID) VALUES (479,2,2296001);
INSERT INTO SYS_ROLE_MENU (ID,ROLE_ID,MENU_ID) VALUES (480,2,2296002);

COMMIT;
